paper	invMass_leadCat00_subleadCat00	invMass_ECAL_ele	(0.0, 1.0)	(0.0, 0.96)	(32, 39)	(0.0, 1.0)	(0.0, 0.96)	(32, 39)
paper	invMass_leadCat00_subleadCat01	invMass_ECAL_ele	(0.0, 1.0)	(0.0, 0.96)	(32, 39)	(0.0, 1.0)	(0.0, 0.96)	(39, 50)
paper	invMass_leadCat00_subleadCat02	invMass_ECAL_ele	(0.0, 1.0)	(0.0, 0.96)	(32, 39)	(0.0, 1.0)	(0.0, 0.96)	(50, 65)
paper	invMass_leadCat00_subleadCat03	invMass_ECAL_ele	(0.0, 1.0)	(0.0, 0.96)	(32, 39)	(0.0, 1.0)	(0.0, 0.96)	(65, -1)
paper	invMass_leadCat00_subleadCat04	invMass_ECAL_ele	(0.0, 1.0)	(0.0, 0.96)	(32, 39)	(0.0, 1.0)	(0.96, 10.0)	(32, 39)
paper	invMass_leadCat00_subleadCat05	invMass_ECAL_ele	(0.0, 1.0)	(0.0, 0.96)	(32, 39)	(0.0, 1.0)	(0.96, 10.0)	(39, 50)
paper	invMass_leadCat00_subleadCat06	invMass_ECAL_ele	(0.0, 1.0)	(0.0, 0.96)	(32, 39)	(0.0, 1.0)	(0.96, 10.0)	(50, 65)
paper	invMass_leadCat00_subleadCat07	invMass_ECAL_ele	(0.0, 1.0)	(0.0, 0.96)	(32, 39)	(0.0, 1.0)	(0.96, 10.0)	(65, -1)
paper	invMass_leadCat00_subleadCat08	invMass_ECAL_ele	(0.0, 1.0)	(0.0, 0.96)	(32, 39)	(1.0, 1.4442)	(0.0, 0.96)	(32, 39)
paper	invMass_leadCat00_subleadCat09	invMass_ECAL_ele	(0.0, 1.0)	(0.0, 0.96)	(32, 39)	(1.0, 1.4442)	(0.0, 0.96)	(39, 50)
paper	invMass_leadCat00_subleadCat10	invMass_ECAL_ele	(0.0, 1.0)	(0.0, 0.96)	(32, 39)	(1.0, 1.4442)	(0.0, 0.96)	(50, 65)
paper	invMass_leadCat00_subleadCat11	invMass_ECAL_ele	(0.0, 1.0)	(0.0, 0.96)	(32, 39)	(1.0, 1.4442)	(0.0, 0.96)	(65, -1)
paper	invMass_leadCat00_subleadCat12	invMass_ECAL_ele	(0.0, 1.0)	(0.0, 0.96)	(32, 39)	(1.0, 1.4442)	(0.96, 10.0)	(32, 39)
paper	invMass_leadCat00_subleadCat13	invMass_ECAL_ele	(0.0, 1.0)	(0.0, 0.96)	(32, 39)	(1.0, 1.4442)	(0.96, 10.0)	(39, 50)
paper	invMass_leadCat00_subleadCat14	invMass_ECAL_ele	(0.0, 1.0)	(0.0, 0.96)	(32, 39)	(1.0, 1.4442)	(0.96, 10.0)	(50, 65)
paper	invMass_leadCat00_subleadCat15	invMass_ECAL_ele	(0.0, 1.0)	(0.0, 0.96)	(32, 39)	(1.0, 1.4442)	(0.96, 10.0)	(65, -1)
paper	invMass_leadCat00_subleadCat16	invMass_ECAL_ele	(0.0, 1.0)	(0.0, 0.96)	(32, 39)	(1.566, 2.0)	(0.0, 0.96)	(32, 39)
paper	invMass_leadCat00_subleadCat17	invMass_ECAL_ele	(0.0, 1.0)	(0.0, 0.96)	(32, 39)	(1.566, 2.0)	(0.0, 0.96)	(39, 50)
paper	invMass_leadCat00_subleadCat18	invMass_ECAL_ele	(0.0, 1.0)	(0.0, 0.96)	(32, 39)	(1.566, 2.0)	(0.0, 0.96)	(50, 65)
paper	invMass_leadCat00_subleadCat19	invMass_ECAL_ele	(0.0, 1.0)	(0.0, 0.96)	(32, 39)	(1.566, 2.0)	(0.0, 0.96)	(65, -1)
paper	invMass_leadCat00_subleadCat20	invMass_ECAL_ele	(0.0, 1.0)	(0.0, 0.96)	(32, 39)	(1.566, 2.0)	(0.96, 10.0)	(32, 39)
paper	invMass_leadCat00_subleadCat21	invMass_ECAL_ele	(0.0, 1.0)	(0.0, 0.96)	(32, 39)	(1.566, 2.0)	(0.96, 10.0)	(39, 50)
paper	invMass_leadCat00_subleadCat22	invMass_ECAL_ele	(0.0, 1.0)	(0.0, 0.96)	(32, 39)	(1.566, 2.0)	(0.96, 10.0)	(50, 65)
paper	invMass_leadCat00_subleadCat23	invMass_ECAL_ele	(0.0, 1.0)	(0.0, 0.96)	(32, 39)	(1.566, 2.0)	(0.96, 10.0)	(65, -1)
paper	invMass_leadCat00_subleadCat24	invMass_ECAL_ele	(0.0, 1.0)	(0.0, 0.96)	(32, 39)	(2.0, 2.5)	(0.0, 0.96)	(32, 39)
paper	invMass_leadCat00_subleadCat25	invMass_ECAL_ele	(0.0, 1.0)	(0.0, 0.96)	(32, 39)	(2.0, 2.5)	(0.0, 0.96)	(39, 50)
paper	invMass_leadCat00_subleadCat26	invMass_ECAL_ele	(0.0, 1.0)	(0.0, 0.96)	(32, 39)	(2.0, 2.5)	(0.0, 0.96)	(50, 65)
paper	invMass_leadCat00_subleadCat27	invMass_ECAL_ele	(0.0, 1.0)	(0.0, 0.96)	(32, 39)	(2.0, 2.5)	(0.0, 0.96)	(65, -1)
paper	invMass_leadCat00_subleadCat28	invMass_ECAL_ele	(0.0, 1.0)	(0.0, 0.96)	(32, 39)	(2.0, 2.5)	(0.96, 10.0)	(32, 39)
paper	invMass_leadCat00_subleadCat29	invMass_ECAL_ele	(0.0, 1.0)	(0.0, 0.96)	(32, 39)	(2.0, 2.5)	(0.96, 10.0)	(39, 50)
paper	invMass_leadCat00_subleadCat30	invMass_ECAL_ele	(0.0, 1.0)	(0.0, 0.96)	(32, 39)	(2.0, 2.5)	(0.96, 10.0)	(50, 65)
paper	invMass_leadCat00_subleadCat31	invMass_ECAL_ele	(0.0, 1.0)	(0.0, 0.96)	(32, 39)	(2.0, 2.5)	(0.96, 10.0)	(65, -1)
paper	invMass_leadCat01_subleadCat01	invMass_ECAL_ele	(0.0, 1.0)	(0.0, 0.96)	(39, 50)	(0.0, 1.0)	(0.0, 0.96)	(39, 50)
paper	invMass_leadCat01_subleadCat02	invMass_ECAL_ele	(0.0, 1.0)	(0.0, 0.96)	(39, 50)	(0.0, 1.0)	(0.0, 0.96)	(50, 65)
paper	invMass_leadCat01_subleadCat03	invMass_ECAL_ele	(0.0, 1.0)	(0.0, 0.96)	(39, 50)	(0.0, 1.0)	(0.0, 0.96)	(65, -1)
paper	invMass_leadCat01_subleadCat04	invMass_ECAL_ele	(0.0, 1.0)	(0.0, 0.96)	(39, 50)	(0.0, 1.0)	(0.96, 10.0)	(32, 39)
paper	invMass_leadCat01_subleadCat05	invMass_ECAL_ele	(0.0, 1.0)	(0.0, 0.96)	(39, 50)	(0.0, 1.0)	(0.96, 10.0)	(39, 50)
paper	invMass_leadCat01_subleadCat06	invMass_ECAL_ele	(0.0, 1.0)	(0.0, 0.96)	(39, 50)	(0.0, 1.0)	(0.96, 10.0)	(50, 65)
paper	invMass_leadCat01_subleadCat07	invMass_ECAL_ele	(0.0, 1.0)	(0.0, 0.96)	(39, 50)	(0.0, 1.0)	(0.96, 10.0)	(65, -1)
paper	invMass_leadCat01_subleadCat08	invMass_ECAL_ele	(0.0, 1.0)	(0.0, 0.96)	(39, 50)	(1.0, 1.4442)	(0.0, 0.96)	(32, 39)
paper	invMass_leadCat01_subleadCat09	invMass_ECAL_ele	(0.0, 1.0)	(0.0, 0.96)	(39, 50)	(1.0, 1.4442)	(0.0, 0.96)	(39, 50)
paper	invMass_leadCat01_subleadCat10	invMass_ECAL_ele	(0.0, 1.0)	(0.0, 0.96)	(39, 50)	(1.0, 1.4442)	(0.0, 0.96)	(50, 65)
paper	invMass_leadCat01_subleadCat11	invMass_ECAL_ele	(0.0, 1.0)	(0.0, 0.96)	(39, 50)	(1.0, 1.4442)	(0.0, 0.96)	(65, -1)
paper	invMass_leadCat01_subleadCat12	invMass_ECAL_ele	(0.0, 1.0)	(0.0, 0.96)	(39, 50)	(1.0, 1.4442)	(0.96, 10.0)	(32, 39)
paper	invMass_leadCat01_subleadCat13	invMass_ECAL_ele	(0.0, 1.0)	(0.0, 0.96)	(39, 50)	(1.0, 1.4442)	(0.96, 10.0)	(39, 50)
paper	invMass_leadCat01_subleadCat14	invMass_ECAL_ele	(0.0, 1.0)	(0.0, 0.96)	(39, 50)	(1.0, 1.4442)	(0.96, 10.0)	(50, 65)
paper	invMass_leadCat01_subleadCat15	invMass_ECAL_ele	(0.0, 1.0)	(0.0, 0.96)	(39, 50)	(1.0, 1.4442)	(0.96, 10.0)	(65, -1)
paper	invMass_leadCat01_subleadCat16	invMass_ECAL_ele	(0.0, 1.0)	(0.0, 0.96)	(39, 50)	(1.566, 2.0)	(0.0, 0.96)	(32, 39)
paper	invMass_leadCat01_subleadCat17	invMass_ECAL_ele	(0.0, 1.0)	(0.0, 0.96)	(39, 50)	(1.566, 2.0)	(0.0, 0.96)	(39, 50)
paper	invMass_leadCat01_subleadCat18	invMass_ECAL_ele	(0.0, 1.0)	(0.0, 0.96)	(39, 50)	(1.566, 2.0)	(0.0, 0.96)	(50, 65)
paper	invMass_leadCat01_subleadCat19	invMass_ECAL_ele	(0.0, 1.0)	(0.0, 0.96)	(39, 50)	(1.566, 2.0)	(0.0, 0.96)	(65, -1)
paper	invMass_leadCat01_subleadCat20	invMass_ECAL_ele	(0.0, 1.0)	(0.0, 0.96)	(39, 50)	(1.566, 2.0)	(0.96, 10.0)	(32, 39)
paper	invMass_leadCat01_subleadCat21	invMass_ECAL_ele	(0.0, 1.0)	(0.0, 0.96)	(39, 50)	(1.566, 2.0)	(0.96, 10.0)	(39, 50)
paper	invMass_leadCat01_subleadCat22	invMass_ECAL_ele	(0.0, 1.0)	(0.0, 0.96)	(39, 50)	(1.566, 2.0)	(0.96, 10.0)	(50, 65)
paper	invMass_leadCat01_subleadCat23	invMass_ECAL_ele	(0.0, 1.0)	(0.0, 0.96)	(39, 50)	(1.566, 2.0)	(0.96, 10.0)	(65, -1)
paper	invMass_leadCat01_subleadCat24	invMass_ECAL_ele	(0.0, 1.0)	(0.0, 0.96)	(39, 50)	(2.0, 2.5)	(0.0, 0.96)	(32, 39)
paper	invMass_leadCat01_subleadCat25	invMass_ECAL_ele	(0.0, 1.0)	(0.0, 0.96)	(39, 50)	(2.0, 2.5)	(0.0, 0.96)	(39, 50)
paper	invMass_leadCat01_subleadCat26	invMass_ECAL_ele	(0.0, 1.0)	(0.0, 0.96)	(39, 50)	(2.0, 2.5)	(0.0, 0.96)	(50, 65)
paper	invMass_leadCat01_subleadCat27	invMass_ECAL_ele	(0.0, 1.0)	(0.0, 0.96)	(39, 50)	(2.0, 2.5)	(0.0, 0.96)	(65, -1)
paper	invMass_leadCat01_subleadCat28	invMass_ECAL_ele	(0.0, 1.0)	(0.0, 0.96)	(39, 50)	(2.0, 2.5)	(0.96, 10.0)	(32, 39)
paper	invMass_leadCat01_subleadCat29	invMass_ECAL_ele	(0.0, 1.0)	(0.0, 0.96)	(39, 50)	(2.0, 2.5)	(0.96, 10.0)	(39, 50)
paper	invMass_leadCat01_subleadCat30	invMass_ECAL_ele	(0.0, 1.0)	(0.0, 0.96)	(39, 50)	(2.0, 2.5)	(0.96, 10.0)	(50, 65)
paper	invMass_leadCat01_subleadCat31	invMass_ECAL_ele	(0.0, 1.0)	(0.0, 0.96)	(39, 50)	(2.0, 2.5)	(0.96, 10.0)	(65, -1)
paper	invMass_leadCat02_subleadCat02	invMass_ECAL_ele	(0.0, 1.0)	(0.0, 0.96)	(50, 65)	(0.0, 1.0)	(0.0, 0.96)	(50, 65)
paper	invMass_leadCat02_subleadCat03	invMass_ECAL_ele	(0.0, 1.0)	(0.0, 0.96)	(50, 65)	(0.0, 1.0)	(0.0, 0.96)	(65, -1)
paper	invMass_leadCat02_subleadCat04	invMass_ECAL_ele	(0.0, 1.0)	(0.0, 0.96)	(50, 65)	(0.0, 1.0)	(0.96, 10.0)	(32, 39)
paper	invMass_leadCat02_subleadCat05	invMass_ECAL_ele	(0.0, 1.0)	(0.0, 0.96)	(50, 65)	(0.0, 1.0)	(0.96, 10.0)	(39, 50)
paper	invMass_leadCat02_subleadCat06	invMass_ECAL_ele	(0.0, 1.0)	(0.0, 0.96)	(50, 65)	(0.0, 1.0)	(0.96, 10.0)	(50, 65)
paper	invMass_leadCat02_subleadCat07	invMass_ECAL_ele	(0.0, 1.0)	(0.0, 0.96)	(50, 65)	(0.0, 1.0)	(0.96, 10.0)	(65, -1)
paper	invMass_leadCat02_subleadCat08	invMass_ECAL_ele	(0.0, 1.0)	(0.0, 0.96)	(50, 65)	(1.0, 1.4442)	(0.0, 0.96)	(32, 39)
paper	invMass_leadCat02_subleadCat09	invMass_ECAL_ele	(0.0, 1.0)	(0.0, 0.96)	(50, 65)	(1.0, 1.4442)	(0.0, 0.96)	(39, 50)
paper	invMass_leadCat02_subleadCat10	invMass_ECAL_ele	(0.0, 1.0)	(0.0, 0.96)	(50, 65)	(1.0, 1.4442)	(0.0, 0.96)	(50, 65)
paper	invMass_leadCat02_subleadCat11	invMass_ECAL_ele	(0.0, 1.0)	(0.0, 0.96)	(50, 65)	(1.0, 1.4442)	(0.0, 0.96)	(65, -1)
paper	invMass_leadCat02_subleadCat12	invMass_ECAL_ele	(0.0, 1.0)	(0.0, 0.96)	(50, 65)	(1.0, 1.4442)	(0.96, 10.0)	(32, 39)
paper	invMass_leadCat02_subleadCat13	invMass_ECAL_ele	(0.0, 1.0)	(0.0, 0.96)	(50, 65)	(1.0, 1.4442)	(0.96, 10.0)	(39, 50)
paper	invMass_leadCat02_subleadCat14	invMass_ECAL_ele	(0.0, 1.0)	(0.0, 0.96)	(50, 65)	(1.0, 1.4442)	(0.96, 10.0)	(50, 65)
paper	invMass_leadCat02_subleadCat15	invMass_ECAL_ele	(0.0, 1.0)	(0.0, 0.96)	(50, 65)	(1.0, 1.4442)	(0.96, 10.0)	(65, -1)
paper	invMass_leadCat02_subleadCat16	invMass_ECAL_ele	(0.0, 1.0)	(0.0, 0.96)	(50, 65)	(1.566, 2.0)	(0.0, 0.96)	(32, 39)
paper	invMass_leadCat02_subleadCat17	invMass_ECAL_ele	(0.0, 1.0)	(0.0, 0.96)	(50, 65)	(1.566, 2.0)	(0.0, 0.96)	(39, 50)
paper	invMass_leadCat02_subleadCat18	invMass_ECAL_ele	(0.0, 1.0)	(0.0, 0.96)	(50, 65)	(1.566, 2.0)	(0.0, 0.96)	(50, 65)
paper	invMass_leadCat02_subleadCat19	invMass_ECAL_ele	(0.0, 1.0)	(0.0, 0.96)	(50, 65)	(1.566, 2.0)	(0.0, 0.96)	(65, -1)
paper	invMass_leadCat02_subleadCat20	invMass_ECAL_ele	(0.0, 1.0)	(0.0, 0.96)	(50, 65)	(1.566, 2.0)	(0.96, 10.0)	(32, 39)
paper	invMass_leadCat02_subleadCat21	invMass_ECAL_ele	(0.0, 1.0)	(0.0, 0.96)	(50, 65)	(1.566, 2.0)	(0.96, 10.0)	(39, 50)
paper	invMass_leadCat02_subleadCat22	invMass_ECAL_ele	(0.0, 1.0)	(0.0, 0.96)	(50, 65)	(1.566, 2.0)	(0.96, 10.0)	(50, 65)
paper	invMass_leadCat02_subleadCat23	invMass_ECAL_ele	(0.0, 1.0)	(0.0, 0.96)	(50, 65)	(1.566, 2.0)	(0.96, 10.0)	(65, -1)
paper	invMass_leadCat02_subleadCat24	invMass_ECAL_ele	(0.0, 1.0)	(0.0, 0.96)	(50, 65)	(2.0, 2.5)	(0.0, 0.96)	(32, 39)
paper	invMass_leadCat02_subleadCat25	invMass_ECAL_ele	(0.0, 1.0)	(0.0, 0.96)	(50, 65)	(2.0, 2.5)	(0.0, 0.96)	(39, 50)
paper	invMass_leadCat02_subleadCat26	invMass_ECAL_ele	(0.0, 1.0)	(0.0, 0.96)	(50, 65)	(2.0, 2.5)	(0.0, 0.96)	(50, 65)
paper	invMass_leadCat02_subleadCat27	invMass_ECAL_ele	(0.0, 1.0)	(0.0, 0.96)	(50, 65)	(2.0, 2.5)	(0.0, 0.96)	(65, -1)
paper	invMass_leadCat02_subleadCat28	invMass_ECAL_ele	(0.0, 1.0)	(0.0, 0.96)	(50, 65)	(2.0, 2.5)	(0.96, 10.0)	(32, 39)
paper	invMass_leadCat02_subleadCat29	invMass_ECAL_ele	(0.0, 1.0)	(0.0, 0.96)	(50, 65)	(2.0, 2.5)	(0.96, 10.0)	(39, 50)
paper	invMass_leadCat02_subleadCat30	invMass_ECAL_ele	(0.0, 1.0)	(0.0, 0.96)	(50, 65)	(2.0, 2.5)	(0.96, 10.0)	(50, 65)
paper	invMass_leadCat02_subleadCat31	invMass_ECAL_ele	(0.0, 1.0)	(0.0, 0.96)	(50, 65)	(2.0, 2.5)	(0.96, 10.0)	(65, -1)
paper	invMass_leadCat03_subleadCat03	invMass_ECAL_ele	(0.0, 1.0)	(0.0, 0.96)	(65, -1)	(0.0, 1.0)	(0.0, 0.96)	(65, -1)
paper	invMass_leadCat03_subleadCat04	invMass_ECAL_ele	(0.0, 1.0)	(0.0, 0.96)	(65, -1)	(0.0, 1.0)	(0.96, 10.0)	(32, 39)
paper	invMass_leadCat03_subleadCat05	invMass_ECAL_ele	(0.0, 1.0)	(0.0, 0.96)	(65, -1)	(0.0, 1.0)	(0.96, 10.0)	(39, 50)
paper	invMass_leadCat03_subleadCat06	invMass_ECAL_ele	(0.0, 1.0)	(0.0, 0.96)	(65, -1)	(0.0, 1.0)	(0.96, 10.0)	(50, 65)
paper	invMass_leadCat03_subleadCat07	invMass_ECAL_ele	(0.0, 1.0)	(0.0, 0.96)	(65, -1)	(0.0, 1.0)	(0.96, 10.0)	(65, -1)
paper	invMass_leadCat03_subleadCat08	invMass_ECAL_ele	(0.0, 1.0)	(0.0, 0.96)	(65, -1)	(1.0, 1.4442)	(0.0, 0.96)	(32, 39)
paper	invMass_leadCat03_subleadCat09	invMass_ECAL_ele	(0.0, 1.0)	(0.0, 0.96)	(65, -1)	(1.0, 1.4442)	(0.0, 0.96)	(39, 50)
paper	invMass_leadCat03_subleadCat10	invMass_ECAL_ele	(0.0, 1.0)	(0.0, 0.96)	(65, -1)	(1.0, 1.4442)	(0.0, 0.96)	(50, 65)
paper	invMass_leadCat03_subleadCat11	invMass_ECAL_ele	(0.0, 1.0)	(0.0, 0.96)	(65, -1)	(1.0, 1.4442)	(0.0, 0.96)	(65, -1)
paper	invMass_leadCat03_subleadCat12	invMass_ECAL_ele	(0.0, 1.0)	(0.0, 0.96)	(65, -1)	(1.0, 1.4442)	(0.96, 10.0)	(32, 39)
paper	invMass_leadCat03_subleadCat13	invMass_ECAL_ele	(0.0, 1.0)	(0.0, 0.96)	(65, -1)	(1.0, 1.4442)	(0.96, 10.0)	(39, 50)
paper	invMass_leadCat03_subleadCat14	invMass_ECAL_ele	(0.0, 1.0)	(0.0, 0.96)	(65, -1)	(1.0, 1.4442)	(0.96, 10.0)	(50, 65)
paper	invMass_leadCat03_subleadCat15	invMass_ECAL_ele	(0.0, 1.0)	(0.0, 0.96)	(65, -1)	(1.0, 1.4442)	(0.96, 10.0)	(65, -1)
paper	invMass_leadCat03_subleadCat16	invMass_ECAL_ele	(0.0, 1.0)	(0.0, 0.96)	(65, -1)	(1.566, 2.0)	(0.0, 0.96)	(32, 39)
paper	invMass_leadCat03_subleadCat17	invMass_ECAL_ele	(0.0, 1.0)	(0.0, 0.96)	(65, -1)	(1.566, 2.0)	(0.0, 0.96)	(39, 50)
paper	invMass_leadCat03_subleadCat18	invMass_ECAL_ele	(0.0, 1.0)	(0.0, 0.96)	(65, -1)	(1.566, 2.0)	(0.0, 0.96)	(50, 65)
paper	invMass_leadCat03_subleadCat19	invMass_ECAL_ele	(0.0, 1.0)	(0.0, 0.96)	(65, -1)	(1.566, 2.0)	(0.0, 0.96)	(65, -1)
paper	invMass_leadCat03_subleadCat20	invMass_ECAL_ele	(0.0, 1.0)	(0.0, 0.96)	(65, -1)	(1.566, 2.0)	(0.96, 10.0)	(32, 39)
paper	invMass_leadCat03_subleadCat21	invMass_ECAL_ele	(0.0, 1.0)	(0.0, 0.96)	(65, -1)	(1.566, 2.0)	(0.96, 10.0)	(39, 50)
paper	invMass_leadCat03_subleadCat22	invMass_ECAL_ele	(0.0, 1.0)	(0.0, 0.96)	(65, -1)	(1.566, 2.0)	(0.96, 10.0)	(50, 65)
paper	invMass_leadCat03_subleadCat23	invMass_ECAL_ele	(0.0, 1.0)	(0.0, 0.96)	(65, -1)	(1.566, 2.0)	(0.96, 10.0)	(65, -1)
paper	invMass_leadCat03_subleadCat24	invMass_ECAL_ele	(0.0, 1.0)	(0.0, 0.96)	(65, -1)	(2.0, 2.5)	(0.0, 0.96)	(32, 39)
paper	invMass_leadCat03_subleadCat25	invMass_ECAL_ele	(0.0, 1.0)	(0.0, 0.96)	(65, -1)	(2.0, 2.5)	(0.0, 0.96)	(39, 50)
paper	invMass_leadCat03_subleadCat26	invMass_ECAL_ele	(0.0, 1.0)	(0.0, 0.96)	(65, -1)	(2.0, 2.5)	(0.0, 0.96)	(50, 65)
paper	invMass_leadCat03_subleadCat27	invMass_ECAL_ele	(0.0, 1.0)	(0.0, 0.96)	(65, -1)	(2.0, 2.5)	(0.0, 0.96)	(65, -1)
paper	invMass_leadCat03_subleadCat28	invMass_ECAL_ele	(0.0, 1.0)	(0.0, 0.96)	(65, -1)	(2.0, 2.5)	(0.96, 10.0)	(32, 39)
paper	invMass_leadCat03_subleadCat29	invMass_ECAL_ele	(0.0, 1.0)	(0.0, 0.96)	(65, -1)	(2.0, 2.5)	(0.96, 10.0)	(39, 50)
paper	invMass_leadCat03_subleadCat30	invMass_ECAL_ele	(0.0, 1.0)	(0.0, 0.96)	(65, -1)	(2.0, 2.5)	(0.96, 10.0)	(50, 65)
paper	invMass_leadCat03_subleadCat31	invMass_ECAL_ele	(0.0, 1.0)	(0.0, 0.96)	(65, -1)	(2.0, 2.5)	(0.96, 10.0)	(65, -1)
paper	invMass_leadCat04_subleadCat04	invMass_ECAL_ele	(0.0, 1.0)	(0.96, 10.0)	(32, 39)	(0.0, 1.0)	(0.96, 10.0)	(32, 39)
paper	invMass_leadCat04_subleadCat05	invMass_ECAL_ele	(0.0, 1.0)	(0.96, 10.0)	(32, 39)	(0.0, 1.0)	(0.96, 10.0)	(39, 50)
paper	invMass_leadCat04_subleadCat06	invMass_ECAL_ele	(0.0, 1.0)	(0.96, 10.0)	(32, 39)	(0.0, 1.0)	(0.96, 10.0)	(50, 65)
paper	invMass_leadCat04_subleadCat07	invMass_ECAL_ele	(0.0, 1.0)	(0.96, 10.0)	(32, 39)	(0.0, 1.0)	(0.96, 10.0)	(65, -1)
paper	invMass_leadCat04_subleadCat08	invMass_ECAL_ele	(0.0, 1.0)	(0.96, 10.0)	(32, 39)	(1.0, 1.4442)	(0.0, 0.96)	(32, 39)
paper	invMass_leadCat04_subleadCat09	invMass_ECAL_ele	(0.0, 1.0)	(0.96, 10.0)	(32, 39)	(1.0, 1.4442)	(0.0, 0.96)	(39, 50)
paper	invMass_leadCat04_subleadCat10	invMass_ECAL_ele	(0.0, 1.0)	(0.96, 10.0)	(32, 39)	(1.0, 1.4442)	(0.0, 0.96)	(50, 65)
paper	invMass_leadCat04_subleadCat11	invMass_ECAL_ele	(0.0, 1.0)	(0.96, 10.0)	(32, 39)	(1.0, 1.4442)	(0.0, 0.96)	(65, -1)
paper	invMass_leadCat04_subleadCat12	invMass_ECAL_ele	(0.0, 1.0)	(0.96, 10.0)	(32, 39)	(1.0, 1.4442)	(0.96, 10.0)	(32, 39)
paper	invMass_leadCat04_subleadCat13	invMass_ECAL_ele	(0.0, 1.0)	(0.96, 10.0)	(32, 39)	(1.0, 1.4442)	(0.96, 10.0)	(39, 50)
paper	invMass_leadCat04_subleadCat14	invMass_ECAL_ele	(0.0, 1.0)	(0.96, 10.0)	(32, 39)	(1.0, 1.4442)	(0.96, 10.0)	(50, 65)
paper	invMass_leadCat04_subleadCat15	invMass_ECAL_ele	(0.0, 1.0)	(0.96, 10.0)	(32, 39)	(1.0, 1.4442)	(0.96, 10.0)	(65, -1)
paper	invMass_leadCat04_subleadCat16	invMass_ECAL_ele	(0.0, 1.0)	(0.96, 10.0)	(32, 39)	(1.566, 2.0)	(0.0, 0.96)	(32, 39)
paper	invMass_leadCat04_subleadCat17	invMass_ECAL_ele	(0.0, 1.0)	(0.96, 10.0)	(32, 39)	(1.566, 2.0)	(0.0, 0.96)	(39, 50)
paper	invMass_leadCat04_subleadCat18	invMass_ECAL_ele	(0.0, 1.0)	(0.96, 10.0)	(32, 39)	(1.566, 2.0)	(0.0, 0.96)	(50, 65)
paper	invMass_leadCat04_subleadCat19	invMass_ECAL_ele	(0.0, 1.0)	(0.96, 10.0)	(32, 39)	(1.566, 2.0)	(0.0, 0.96)	(65, -1)
paper	invMass_leadCat04_subleadCat20	invMass_ECAL_ele	(0.0, 1.0)	(0.96, 10.0)	(32, 39)	(1.566, 2.0)	(0.96, 10.0)	(32, 39)
paper	invMass_leadCat04_subleadCat21	invMass_ECAL_ele	(0.0, 1.0)	(0.96, 10.0)	(32, 39)	(1.566, 2.0)	(0.96, 10.0)	(39, 50)
paper	invMass_leadCat04_subleadCat22	invMass_ECAL_ele	(0.0, 1.0)	(0.96, 10.0)	(32, 39)	(1.566, 2.0)	(0.96, 10.0)	(50, 65)
paper	invMass_leadCat04_subleadCat23	invMass_ECAL_ele	(0.0, 1.0)	(0.96, 10.0)	(32, 39)	(1.566, 2.0)	(0.96, 10.0)	(65, -1)
paper	invMass_leadCat04_subleadCat24	invMass_ECAL_ele	(0.0, 1.0)	(0.96, 10.0)	(32, 39)	(2.0, 2.5)	(0.0, 0.96)	(32, 39)
paper	invMass_leadCat04_subleadCat25	invMass_ECAL_ele	(0.0, 1.0)	(0.96, 10.0)	(32, 39)	(2.0, 2.5)	(0.0, 0.96)	(39, 50)
paper	invMass_leadCat04_subleadCat26	invMass_ECAL_ele	(0.0, 1.0)	(0.96, 10.0)	(32, 39)	(2.0, 2.5)	(0.0, 0.96)	(50, 65)
paper	invMass_leadCat04_subleadCat27	invMass_ECAL_ele	(0.0, 1.0)	(0.96, 10.0)	(32, 39)	(2.0, 2.5)	(0.0, 0.96)	(65, -1)
paper	invMass_leadCat04_subleadCat28	invMass_ECAL_ele	(0.0, 1.0)	(0.96, 10.0)	(32, 39)	(2.0, 2.5)	(0.96, 10.0)	(32, 39)
paper	invMass_leadCat04_subleadCat29	invMass_ECAL_ele	(0.0, 1.0)	(0.96, 10.0)	(32, 39)	(2.0, 2.5)	(0.96, 10.0)	(39, 50)
paper	invMass_leadCat04_subleadCat30	invMass_ECAL_ele	(0.0, 1.0)	(0.96, 10.0)	(32, 39)	(2.0, 2.5)	(0.96, 10.0)	(50, 65)
paper	invMass_leadCat04_subleadCat31	invMass_ECAL_ele	(0.0, 1.0)	(0.96, 10.0)	(32, 39)	(2.0, 2.5)	(0.96, 10.0)	(65, -1)
paper	invMass_leadCat05_subleadCat05	invMass_ECAL_ele	(0.0, 1.0)	(0.96, 10.0)	(39, 50)	(0.0, 1.0)	(0.96, 10.0)	(39, 50)
paper	invMass_leadCat05_subleadCat06	invMass_ECAL_ele	(0.0, 1.0)	(0.96, 10.0)	(39, 50)	(0.0, 1.0)	(0.96, 10.0)	(50, 65)
paper	invMass_leadCat05_subleadCat07	invMass_ECAL_ele	(0.0, 1.0)	(0.96, 10.0)	(39, 50)	(0.0, 1.0)	(0.96, 10.0)	(65, -1)
paper	invMass_leadCat05_subleadCat08	invMass_ECAL_ele	(0.0, 1.0)	(0.96, 10.0)	(39, 50)	(1.0, 1.4442)	(0.0, 0.96)	(32, 39)
paper	invMass_leadCat05_subleadCat09	invMass_ECAL_ele	(0.0, 1.0)	(0.96, 10.0)	(39, 50)	(1.0, 1.4442)	(0.0, 0.96)	(39, 50)
paper	invMass_leadCat05_subleadCat10	invMass_ECAL_ele	(0.0, 1.0)	(0.96, 10.0)	(39, 50)	(1.0, 1.4442)	(0.0, 0.96)	(50, 65)
paper	invMass_leadCat05_subleadCat11	invMass_ECAL_ele	(0.0, 1.0)	(0.96, 10.0)	(39, 50)	(1.0, 1.4442)	(0.0, 0.96)	(65, -1)
paper	invMass_leadCat05_subleadCat12	invMass_ECAL_ele	(0.0, 1.0)	(0.96, 10.0)	(39, 50)	(1.0, 1.4442)	(0.96, 10.0)	(32, 39)
paper	invMass_leadCat05_subleadCat13	invMass_ECAL_ele	(0.0, 1.0)	(0.96, 10.0)	(39, 50)	(1.0, 1.4442)	(0.96, 10.0)	(39, 50)
paper	invMass_leadCat05_subleadCat14	invMass_ECAL_ele	(0.0, 1.0)	(0.96, 10.0)	(39, 50)	(1.0, 1.4442)	(0.96, 10.0)	(50, 65)
paper	invMass_leadCat05_subleadCat15	invMass_ECAL_ele	(0.0, 1.0)	(0.96, 10.0)	(39, 50)	(1.0, 1.4442)	(0.96, 10.0)	(65, -1)
paper	invMass_leadCat05_subleadCat16	invMass_ECAL_ele	(0.0, 1.0)	(0.96, 10.0)	(39, 50)	(1.566, 2.0)	(0.0, 0.96)	(32, 39)
paper	invMass_leadCat05_subleadCat17	invMass_ECAL_ele	(0.0, 1.0)	(0.96, 10.0)	(39, 50)	(1.566, 2.0)	(0.0, 0.96)	(39, 50)
paper	invMass_leadCat05_subleadCat18	invMass_ECAL_ele	(0.0, 1.0)	(0.96, 10.0)	(39, 50)	(1.566, 2.0)	(0.0, 0.96)	(50, 65)
paper	invMass_leadCat05_subleadCat19	invMass_ECAL_ele	(0.0, 1.0)	(0.96, 10.0)	(39, 50)	(1.566, 2.0)	(0.0, 0.96)	(65, -1)
paper	invMass_leadCat05_subleadCat20	invMass_ECAL_ele	(0.0, 1.0)	(0.96, 10.0)	(39, 50)	(1.566, 2.0)	(0.96, 10.0)	(32, 39)
paper	invMass_leadCat05_subleadCat21	invMass_ECAL_ele	(0.0, 1.0)	(0.96, 10.0)	(39, 50)	(1.566, 2.0)	(0.96, 10.0)	(39, 50)
paper	invMass_leadCat05_subleadCat22	invMass_ECAL_ele	(0.0, 1.0)	(0.96, 10.0)	(39, 50)	(1.566, 2.0)	(0.96, 10.0)	(50, 65)
paper	invMass_leadCat05_subleadCat23	invMass_ECAL_ele	(0.0, 1.0)	(0.96, 10.0)	(39, 50)	(1.566, 2.0)	(0.96, 10.0)	(65, -1)
paper	invMass_leadCat05_subleadCat24	invMass_ECAL_ele	(0.0, 1.0)	(0.96, 10.0)	(39, 50)	(2.0, 2.5)	(0.0, 0.96)	(32, 39)
paper	invMass_leadCat05_subleadCat25	invMass_ECAL_ele	(0.0, 1.0)	(0.96, 10.0)	(39, 50)	(2.0, 2.5)	(0.0, 0.96)	(39, 50)
paper	invMass_leadCat05_subleadCat26	invMass_ECAL_ele	(0.0, 1.0)	(0.96, 10.0)	(39, 50)	(2.0, 2.5)	(0.0, 0.96)	(50, 65)
paper	invMass_leadCat05_subleadCat27	invMass_ECAL_ele	(0.0, 1.0)	(0.96, 10.0)	(39, 50)	(2.0, 2.5)	(0.0, 0.96)	(65, -1)
paper	invMass_leadCat05_subleadCat28	invMass_ECAL_ele	(0.0, 1.0)	(0.96, 10.0)	(39, 50)	(2.0, 2.5)	(0.96, 10.0)	(32, 39)
paper	invMass_leadCat05_subleadCat29	invMass_ECAL_ele	(0.0, 1.0)	(0.96, 10.0)	(39, 50)	(2.0, 2.5)	(0.96, 10.0)	(39, 50)
paper	invMass_leadCat05_subleadCat30	invMass_ECAL_ele	(0.0, 1.0)	(0.96, 10.0)	(39, 50)	(2.0, 2.5)	(0.96, 10.0)	(50, 65)
paper	invMass_leadCat05_subleadCat31	invMass_ECAL_ele	(0.0, 1.0)	(0.96, 10.0)	(39, 50)	(2.0, 2.5)	(0.96, 10.0)	(65, -1)
paper	invMass_leadCat06_subleadCat06	invMass_ECAL_ele	(0.0, 1.0)	(0.96, 10.0)	(50, 65)	(0.0, 1.0)	(0.96, 10.0)	(50, 65)
paper	invMass_leadCat06_subleadCat07	invMass_ECAL_ele	(0.0, 1.0)	(0.96, 10.0)	(50, 65)	(0.0, 1.0)	(0.96, 10.0)	(65, -1)
paper	invMass_leadCat06_subleadCat08	invMass_ECAL_ele	(0.0, 1.0)	(0.96, 10.0)	(50, 65)	(1.0, 1.4442)	(0.0, 0.96)	(32, 39)
paper	invMass_leadCat06_subleadCat09	invMass_ECAL_ele	(0.0, 1.0)	(0.96, 10.0)	(50, 65)	(1.0, 1.4442)	(0.0, 0.96)	(39, 50)
paper	invMass_leadCat06_subleadCat10	invMass_ECAL_ele	(0.0, 1.0)	(0.96, 10.0)	(50, 65)	(1.0, 1.4442)	(0.0, 0.96)	(50, 65)
paper	invMass_leadCat06_subleadCat11	invMass_ECAL_ele	(0.0, 1.0)	(0.96, 10.0)	(50, 65)	(1.0, 1.4442)	(0.0, 0.96)	(65, -1)
paper	invMass_leadCat06_subleadCat12	invMass_ECAL_ele	(0.0, 1.0)	(0.96, 10.0)	(50, 65)	(1.0, 1.4442)	(0.96, 10.0)	(32, 39)
paper	invMass_leadCat06_subleadCat13	invMass_ECAL_ele	(0.0, 1.0)	(0.96, 10.0)	(50, 65)	(1.0, 1.4442)	(0.96, 10.0)	(39, 50)
paper	invMass_leadCat06_subleadCat14	invMass_ECAL_ele	(0.0, 1.0)	(0.96, 10.0)	(50, 65)	(1.0, 1.4442)	(0.96, 10.0)	(50, 65)
paper	invMass_leadCat06_subleadCat15	invMass_ECAL_ele	(0.0, 1.0)	(0.96, 10.0)	(50, 65)	(1.0, 1.4442)	(0.96, 10.0)	(65, -1)
paper	invMass_leadCat06_subleadCat16	invMass_ECAL_ele	(0.0, 1.0)	(0.96, 10.0)	(50, 65)	(1.566, 2.0)	(0.0, 0.96)	(32, 39)
paper	invMass_leadCat06_subleadCat17	invMass_ECAL_ele	(0.0, 1.0)	(0.96, 10.0)	(50, 65)	(1.566, 2.0)	(0.0, 0.96)	(39, 50)
paper	invMass_leadCat06_subleadCat18	invMass_ECAL_ele	(0.0, 1.0)	(0.96, 10.0)	(50, 65)	(1.566, 2.0)	(0.0, 0.96)	(50, 65)
paper	invMass_leadCat06_subleadCat19	invMass_ECAL_ele	(0.0, 1.0)	(0.96, 10.0)	(50, 65)	(1.566, 2.0)	(0.0, 0.96)	(65, -1)
paper	invMass_leadCat06_subleadCat20	invMass_ECAL_ele	(0.0, 1.0)	(0.96, 10.0)	(50, 65)	(1.566, 2.0)	(0.96, 10.0)	(32, 39)
paper	invMass_leadCat06_subleadCat21	invMass_ECAL_ele	(0.0, 1.0)	(0.96, 10.0)	(50, 65)	(1.566, 2.0)	(0.96, 10.0)	(39, 50)
paper	invMass_leadCat06_subleadCat22	invMass_ECAL_ele	(0.0, 1.0)	(0.96, 10.0)	(50, 65)	(1.566, 2.0)	(0.96, 10.0)	(50, 65)
paper	invMass_leadCat06_subleadCat23	invMass_ECAL_ele	(0.0, 1.0)	(0.96, 10.0)	(50, 65)	(1.566, 2.0)	(0.96, 10.0)	(65, -1)
paper	invMass_leadCat06_subleadCat24	invMass_ECAL_ele	(0.0, 1.0)	(0.96, 10.0)	(50, 65)	(2.0, 2.5)	(0.0, 0.96)	(32, 39)
paper	invMass_leadCat06_subleadCat25	invMass_ECAL_ele	(0.0, 1.0)	(0.96, 10.0)	(50, 65)	(2.0, 2.5)	(0.0, 0.96)	(39, 50)
paper	invMass_leadCat06_subleadCat26	invMass_ECAL_ele	(0.0, 1.0)	(0.96, 10.0)	(50, 65)	(2.0, 2.5)	(0.0, 0.96)	(50, 65)
paper	invMass_leadCat06_subleadCat27	invMass_ECAL_ele	(0.0, 1.0)	(0.96, 10.0)	(50, 65)	(2.0, 2.5)	(0.0, 0.96)	(65, -1)
paper	invMass_leadCat06_subleadCat28	invMass_ECAL_ele	(0.0, 1.0)	(0.96, 10.0)	(50, 65)	(2.0, 2.5)	(0.96, 10.0)	(32, 39)
paper	invMass_leadCat06_subleadCat29	invMass_ECAL_ele	(0.0, 1.0)	(0.96, 10.0)	(50, 65)	(2.0, 2.5)	(0.96, 10.0)	(39, 50)
paper	invMass_leadCat06_subleadCat30	invMass_ECAL_ele	(0.0, 1.0)	(0.96, 10.0)	(50, 65)	(2.0, 2.5)	(0.96, 10.0)	(50, 65)
paper	invMass_leadCat06_subleadCat31	invMass_ECAL_ele	(0.0, 1.0)	(0.96, 10.0)	(50, 65)	(2.0, 2.5)	(0.96, 10.0)	(65, -1)
paper	invMass_leadCat07_subleadCat07	invMass_ECAL_ele	(0.0, 1.0)	(0.96, 10.0)	(65, -1)	(0.0, 1.0)	(0.96, 10.0)	(65, -1)
paper	invMass_leadCat07_subleadCat08	invMass_ECAL_ele	(0.0, 1.0)	(0.96, 10.0)	(65, -1)	(1.0, 1.4442)	(0.0, 0.96)	(32, 39)
paper	invMass_leadCat07_subleadCat09	invMass_ECAL_ele	(0.0, 1.0)	(0.96, 10.0)	(65, -1)	(1.0, 1.4442)	(0.0, 0.96)	(39, 50)
paper	invMass_leadCat07_subleadCat10	invMass_ECAL_ele	(0.0, 1.0)	(0.96, 10.0)	(65, -1)	(1.0, 1.4442)	(0.0, 0.96)	(50, 65)
paper	invMass_leadCat07_subleadCat11	invMass_ECAL_ele	(0.0, 1.0)	(0.96, 10.0)	(65, -1)	(1.0, 1.4442)	(0.0, 0.96)	(65, -1)
paper	invMass_leadCat07_subleadCat12	invMass_ECAL_ele	(0.0, 1.0)	(0.96, 10.0)	(65, -1)	(1.0, 1.4442)	(0.96, 10.0)	(32, 39)
paper	invMass_leadCat07_subleadCat13	invMass_ECAL_ele	(0.0, 1.0)	(0.96, 10.0)	(65, -1)	(1.0, 1.4442)	(0.96, 10.0)	(39, 50)
paper	invMass_leadCat07_subleadCat14	invMass_ECAL_ele	(0.0, 1.0)	(0.96, 10.0)	(65, -1)	(1.0, 1.4442)	(0.96, 10.0)	(50, 65)
paper	invMass_leadCat07_subleadCat15	invMass_ECAL_ele	(0.0, 1.0)	(0.96, 10.0)	(65, -1)	(1.0, 1.4442)	(0.96, 10.0)	(65, -1)
paper	invMass_leadCat07_subleadCat16	invMass_ECAL_ele	(0.0, 1.0)	(0.96, 10.0)	(65, -1)	(1.566, 2.0)	(0.0, 0.96)	(32, 39)
paper	invMass_leadCat07_subleadCat17	invMass_ECAL_ele	(0.0, 1.0)	(0.96, 10.0)	(65, -1)	(1.566, 2.0)	(0.0, 0.96)	(39, 50)
paper	invMass_leadCat07_subleadCat18	invMass_ECAL_ele	(0.0, 1.0)	(0.96, 10.0)	(65, -1)	(1.566, 2.0)	(0.0, 0.96)	(50, 65)
paper	invMass_leadCat07_subleadCat19	invMass_ECAL_ele	(0.0, 1.0)	(0.96, 10.0)	(65, -1)	(1.566, 2.0)	(0.0, 0.96)	(65, -1)
paper	invMass_leadCat07_subleadCat20	invMass_ECAL_ele	(0.0, 1.0)	(0.96, 10.0)	(65, -1)	(1.566, 2.0)	(0.96, 10.0)	(32, 39)
paper	invMass_leadCat07_subleadCat21	invMass_ECAL_ele	(0.0, 1.0)	(0.96, 10.0)	(65, -1)	(1.566, 2.0)	(0.96, 10.0)	(39, 50)
paper	invMass_leadCat07_subleadCat22	invMass_ECAL_ele	(0.0, 1.0)	(0.96, 10.0)	(65, -1)	(1.566, 2.0)	(0.96, 10.0)	(50, 65)
paper	invMass_leadCat07_subleadCat23	invMass_ECAL_ele	(0.0, 1.0)	(0.96, 10.0)	(65, -1)	(1.566, 2.0)	(0.96, 10.0)	(65, -1)
paper	invMass_leadCat07_subleadCat24	invMass_ECAL_ele	(0.0, 1.0)	(0.96, 10.0)	(65, -1)	(2.0, 2.5)	(0.0, 0.96)	(32, 39)
paper	invMass_leadCat07_subleadCat25	invMass_ECAL_ele	(0.0, 1.0)	(0.96, 10.0)	(65, -1)	(2.0, 2.5)	(0.0, 0.96)	(39, 50)
paper	invMass_leadCat07_subleadCat26	invMass_ECAL_ele	(0.0, 1.0)	(0.96, 10.0)	(65, -1)	(2.0, 2.5)	(0.0, 0.96)	(50, 65)
paper	invMass_leadCat07_subleadCat27	invMass_ECAL_ele	(0.0, 1.0)	(0.96, 10.0)	(65, -1)	(2.0, 2.5)	(0.0, 0.96)	(65, -1)
paper	invMass_leadCat07_subleadCat28	invMass_ECAL_ele	(0.0, 1.0)	(0.96, 10.0)	(65, -1)	(2.0, 2.5)	(0.96, 10.0)	(32, 39)
paper	invMass_leadCat07_subleadCat29	invMass_ECAL_ele	(0.0, 1.0)	(0.96, 10.0)	(65, -1)	(2.0, 2.5)	(0.96, 10.0)	(39, 50)
paper	invMass_leadCat07_subleadCat30	invMass_ECAL_ele	(0.0, 1.0)	(0.96, 10.0)	(65, -1)	(2.0, 2.5)	(0.96, 10.0)	(50, 65)
paper	invMass_leadCat07_subleadCat31	invMass_ECAL_ele	(0.0, 1.0)	(0.96, 10.0)	(65, -1)	(2.0, 2.5)	(0.96, 10.0)	(65, -1)
paper	invMass_leadCat08_subleadCat08	invMass_ECAL_ele	(1.0, 1.4442)	(0.0, 0.96)	(32, 39)	(1.0, 1.4442)	(0.0, 0.96)	(32, 39)
paper	invMass_leadCat08_subleadCat09	invMass_ECAL_ele	(1.0, 1.4442)	(0.0, 0.96)	(32, 39)	(1.0, 1.4442)	(0.0, 0.96)	(39, 50)
paper	invMass_leadCat08_subleadCat10	invMass_ECAL_ele	(1.0, 1.4442)	(0.0, 0.96)	(32, 39)	(1.0, 1.4442)	(0.0, 0.96)	(50, 65)
paper	invMass_leadCat08_subleadCat11	invMass_ECAL_ele	(1.0, 1.4442)	(0.0, 0.96)	(32, 39)	(1.0, 1.4442)	(0.0, 0.96)	(65, -1)
paper	invMass_leadCat08_subleadCat12	invMass_ECAL_ele	(1.0, 1.4442)	(0.0, 0.96)	(32, 39)	(1.0, 1.4442)	(0.96, 10.0)	(32, 39)
paper	invMass_leadCat08_subleadCat13	invMass_ECAL_ele	(1.0, 1.4442)	(0.0, 0.96)	(32, 39)	(1.0, 1.4442)	(0.96, 10.0)	(39, 50)
paper	invMass_leadCat08_subleadCat14	invMass_ECAL_ele	(1.0, 1.4442)	(0.0, 0.96)	(32, 39)	(1.0, 1.4442)	(0.96, 10.0)	(50, 65)
paper	invMass_leadCat08_subleadCat15	invMass_ECAL_ele	(1.0, 1.4442)	(0.0, 0.96)	(32, 39)	(1.0, 1.4442)	(0.96, 10.0)	(65, -1)
paper	invMass_leadCat08_subleadCat16	invMass_ECAL_ele	(1.0, 1.4442)	(0.0, 0.96)	(32, 39)	(1.566, 2.0)	(0.0, 0.96)	(32, 39)
paper	invMass_leadCat08_subleadCat17	invMass_ECAL_ele	(1.0, 1.4442)	(0.0, 0.96)	(32, 39)	(1.566, 2.0)	(0.0, 0.96)	(39, 50)
paper	invMass_leadCat08_subleadCat18	invMass_ECAL_ele	(1.0, 1.4442)	(0.0, 0.96)	(32, 39)	(1.566, 2.0)	(0.0, 0.96)	(50, 65)
paper	invMass_leadCat08_subleadCat19	invMass_ECAL_ele	(1.0, 1.4442)	(0.0, 0.96)	(32, 39)	(1.566, 2.0)	(0.0, 0.96)	(65, -1)
paper	invMass_leadCat08_subleadCat20	invMass_ECAL_ele	(1.0, 1.4442)	(0.0, 0.96)	(32, 39)	(1.566, 2.0)	(0.96, 10.0)	(32, 39)
paper	invMass_leadCat08_subleadCat21	invMass_ECAL_ele	(1.0, 1.4442)	(0.0, 0.96)	(32, 39)	(1.566, 2.0)	(0.96, 10.0)	(39, 50)
paper	invMass_leadCat08_subleadCat22	invMass_ECAL_ele	(1.0, 1.4442)	(0.0, 0.96)	(32, 39)	(1.566, 2.0)	(0.96, 10.0)	(50, 65)
paper	invMass_leadCat08_subleadCat23	invMass_ECAL_ele	(1.0, 1.4442)	(0.0, 0.96)	(32, 39)	(1.566, 2.0)	(0.96, 10.0)	(65, -1)
paper	invMass_leadCat08_subleadCat24	invMass_ECAL_ele	(1.0, 1.4442)	(0.0, 0.96)	(32, 39)	(2.0, 2.5)	(0.0, 0.96)	(32, 39)
paper	invMass_leadCat08_subleadCat25	invMass_ECAL_ele	(1.0, 1.4442)	(0.0, 0.96)	(32, 39)	(2.0, 2.5)	(0.0, 0.96)	(39, 50)
paper	invMass_leadCat08_subleadCat26	invMass_ECAL_ele	(1.0, 1.4442)	(0.0, 0.96)	(32, 39)	(2.0, 2.5)	(0.0, 0.96)	(50, 65)
paper	invMass_leadCat08_subleadCat27	invMass_ECAL_ele	(1.0, 1.4442)	(0.0, 0.96)	(32, 39)	(2.0, 2.5)	(0.0, 0.96)	(65, -1)
paper	invMass_leadCat08_subleadCat28	invMass_ECAL_ele	(1.0, 1.4442)	(0.0, 0.96)	(32, 39)	(2.0, 2.5)	(0.96, 10.0)	(32, 39)
paper	invMass_leadCat08_subleadCat29	invMass_ECAL_ele	(1.0, 1.4442)	(0.0, 0.96)	(32, 39)	(2.0, 2.5)	(0.96, 10.0)	(39, 50)
paper	invMass_leadCat08_subleadCat30	invMass_ECAL_ele	(1.0, 1.4442)	(0.0, 0.96)	(32, 39)	(2.0, 2.5)	(0.96, 10.0)	(50, 65)
paper	invMass_leadCat08_subleadCat31	invMass_ECAL_ele	(1.0, 1.4442)	(0.0, 0.96)	(32, 39)	(2.0, 2.5)	(0.96, 10.0)	(65, -1)
paper	invMass_leadCat09_subleadCat09	invMass_ECAL_ele	(1.0, 1.4442)	(0.0, 0.96)	(39, 50)	(1.0, 1.4442)	(0.0, 0.96)	(39, 50)
paper	invMass_leadCat09_subleadCat10	invMass_ECAL_ele	(1.0, 1.4442)	(0.0, 0.96)	(39, 50)	(1.0, 1.4442)	(0.0, 0.96)	(50, 65)
paper	invMass_leadCat09_subleadCat11	invMass_ECAL_ele	(1.0, 1.4442)	(0.0, 0.96)	(39, 50)	(1.0, 1.4442)	(0.0, 0.96)	(65, -1)
paper	invMass_leadCat09_subleadCat12	invMass_ECAL_ele	(1.0, 1.4442)	(0.0, 0.96)	(39, 50)	(1.0, 1.4442)	(0.96, 10.0)	(32, 39)
paper	invMass_leadCat09_subleadCat13	invMass_ECAL_ele	(1.0, 1.4442)	(0.0, 0.96)	(39, 50)	(1.0, 1.4442)	(0.96, 10.0)	(39, 50)
paper	invMass_leadCat09_subleadCat14	invMass_ECAL_ele	(1.0, 1.4442)	(0.0, 0.96)	(39, 50)	(1.0, 1.4442)	(0.96, 10.0)	(50, 65)
paper	invMass_leadCat09_subleadCat15	invMass_ECAL_ele	(1.0, 1.4442)	(0.0, 0.96)	(39, 50)	(1.0, 1.4442)	(0.96, 10.0)	(65, -1)
paper	invMass_leadCat09_subleadCat16	invMass_ECAL_ele	(1.0, 1.4442)	(0.0, 0.96)	(39, 50)	(1.566, 2.0)	(0.0, 0.96)	(32, 39)
paper	invMass_leadCat09_subleadCat17	invMass_ECAL_ele	(1.0, 1.4442)	(0.0, 0.96)	(39, 50)	(1.566, 2.0)	(0.0, 0.96)	(39, 50)
paper	invMass_leadCat09_subleadCat18	invMass_ECAL_ele	(1.0, 1.4442)	(0.0, 0.96)	(39, 50)	(1.566, 2.0)	(0.0, 0.96)	(50, 65)
paper	invMass_leadCat09_subleadCat19	invMass_ECAL_ele	(1.0, 1.4442)	(0.0, 0.96)	(39, 50)	(1.566, 2.0)	(0.0, 0.96)	(65, -1)
paper	invMass_leadCat09_subleadCat20	invMass_ECAL_ele	(1.0, 1.4442)	(0.0, 0.96)	(39, 50)	(1.566, 2.0)	(0.96, 10.0)	(32, 39)
paper	invMass_leadCat09_subleadCat21	invMass_ECAL_ele	(1.0, 1.4442)	(0.0, 0.96)	(39, 50)	(1.566, 2.0)	(0.96, 10.0)	(39, 50)
paper	invMass_leadCat09_subleadCat22	invMass_ECAL_ele	(1.0, 1.4442)	(0.0, 0.96)	(39, 50)	(1.566, 2.0)	(0.96, 10.0)	(50, 65)
paper	invMass_leadCat09_subleadCat23	invMass_ECAL_ele	(1.0, 1.4442)	(0.0, 0.96)	(39, 50)	(1.566, 2.0)	(0.96, 10.0)	(65, -1)
paper	invMass_leadCat09_subleadCat24	invMass_ECAL_ele	(1.0, 1.4442)	(0.0, 0.96)	(39, 50)	(2.0, 2.5)	(0.0, 0.96)	(32, 39)
paper	invMass_leadCat09_subleadCat25	invMass_ECAL_ele	(1.0, 1.4442)	(0.0, 0.96)	(39, 50)	(2.0, 2.5)	(0.0, 0.96)	(39, 50)
paper	invMass_leadCat09_subleadCat26	invMass_ECAL_ele	(1.0, 1.4442)	(0.0, 0.96)	(39, 50)	(2.0, 2.5)	(0.0, 0.96)	(50, 65)
paper	invMass_leadCat09_subleadCat27	invMass_ECAL_ele	(1.0, 1.4442)	(0.0, 0.96)	(39, 50)	(2.0, 2.5)	(0.0, 0.96)	(65, -1)
paper	invMass_leadCat09_subleadCat28	invMass_ECAL_ele	(1.0, 1.4442)	(0.0, 0.96)	(39, 50)	(2.0, 2.5)	(0.96, 10.0)	(32, 39)
paper	invMass_leadCat09_subleadCat29	invMass_ECAL_ele	(1.0, 1.4442)	(0.0, 0.96)	(39, 50)	(2.0, 2.5)	(0.96, 10.0)	(39, 50)
paper	invMass_leadCat09_subleadCat30	invMass_ECAL_ele	(1.0, 1.4442)	(0.0, 0.96)	(39, 50)	(2.0, 2.5)	(0.96, 10.0)	(50, 65)
paper	invMass_leadCat09_subleadCat31	invMass_ECAL_ele	(1.0, 1.4442)	(0.0, 0.96)	(39, 50)	(2.0, 2.5)	(0.96, 10.0)	(65, -1)
paper	invMass_leadCat10_subleadCat10	invMass_ECAL_ele	(1.0, 1.4442)	(0.0, 0.96)	(50, 65)	(1.0, 1.4442)	(0.0, 0.96)	(50, 65)
paper	invMass_leadCat10_subleadCat11	invMass_ECAL_ele	(1.0, 1.4442)	(0.0, 0.96)	(50, 65)	(1.0, 1.4442)	(0.0, 0.96)	(65, -1)
paper	invMass_leadCat10_subleadCat12	invMass_ECAL_ele	(1.0, 1.4442)	(0.0, 0.96)	(50, 65)	(1.0, 1.4442)	(0.96, 10.0)	(32, 39)
paper	invMass_leadCat10_subleadCat13	invMass_ECAL_ele	(1.0, 1.4442)	(0.0, 0.96)	(50, 65)	(1.0, 1.4442)	(0.96, 10.0)	(39, 50)
paper	invMass_leadCat10_subleadCat14	invMass_ECAL_ele	(1.0, 1.4442)	(0.0, 0.96)	(50, 65)	(1.0, 1.4442)	(0.96, 10.0)	(50, 65)
paper	invMass_leadCat10_subleadCat15	invMass_ECAL_ele	(1.0, 1.4442)	(0.0, 0.96)	(50, 65)	(1.0, 1.4442)	(0.96, 10.0)	(65, -1)
paper	invMass_leadCat10_subleadCat16	invMass_ECAL_ele	(1.0, 1.4442)	(0.0, 0.96)	(50, 65)	(1.566, 2.0)	(0.0, 0.96)	(32, 39)
paper	invMass_leadCat10_subleadCat17	invMass_ECAL_ele	(1.0, 1.4442)	(0.0, 0.96)	(50, 65)	(1.566, 2.0)	(0.0, 0.96)	(39, 50)
paper	invMass_leadCat10_subleadCat18	invMass_ECAL_ele	(1.0, 1.4442)	(0.0, 0.96)	(50, 65)	(1.566, 2.0)	(0.0, 0.96)	(50, 65)
paper	invMass_leadCat10_subleadCat19	invMass_ECAL_ele	(1.0, 1.4442)	(0.0, 0.96)	(50, 65)	(1.566, 2.0)	(0.0, 0.96)	(65, -1)
paper	invMass_leadCat10_subleadCat20	invMass_ECAL_ele	(1.0, 1.4442)	(0.0, 0.96)	(50, 65)	(1.566, 2.0)	(0.96, 10.0)	(32, 39)
paper	invMass_leadCat10_subleadCat21	invMass_ECAL_ele	(1.0, 1.4442)	(0.0, 0.96)	(50, 65)	(1.566, 2.0)	(0.96, 10.0)	(39, 50)
paper	invMass_leadCat10_subleadCat22	invMass_ECAL_ele	(1.0, 1.4442)	(0.0, 0.96)	(50, 65)	(1.566, 2.0)	(0.96, 10.0)	(50, 65)
paper	invMass_leadCat10_subleadCat23	invMass_ECAL_ele	(1.0, 1.4442)	(0.0, 0.96)	(50, 65)	(1.566, 2.0)	(0.96, 10.0)	(65, -1)
paper	invMass_leadCat10_subleadCat24	invMass_ECAL_ele	(1.0, 1.4442)	(0.0, 0.96)	(50, 65)	(2.0, 2.5)	(0.0, 0.96)	(32, 39)
paper	invMass_leadCat10_subleadCat25	invMass_ECAL_ele	(1.0, 1.4442)	(0.0, 0.96)	(50, 65)	(2.0, 2.5)	(0.0, 0.96)	(39, 50)
paper	invMass_leadCat10_subleadCat26	invMass_ECAL_ele	(1.0, 1.4442)	(0.0, 0.96)	(50, 65)	(2.0, 2.5)	(0.0, 0.96)	(50, 65)
paper	invMass_leadCat10_subleadCat27	invMass_ECAL_ele	(1.0, 1.4442)	(0.0, 0.96)	(50, 65)	(2.0, 2.5)	(0.0, 0.96)	(65, -1)
paper	invMass_leadCat10_subleadCat28	invMass_ECAL_ele	(1.0, 1.4442)	(0.0, 0.96)	(50, 65)	(2.0, 2.5)	(0.96, 10.0)	(32, 39)
paper	invMass_leadCat10_subleadCat29	invMass_ECAL_ele	(1.0, 1.4442)	(0.0, 0.96)	(50, 65)	(2.0, 2.5)	(0.96, 10.0)	(39, 50)
paper	invMass_leadCat10_subleadCat30	invMass_ECAL_ele	(1.0, 1.4442)	(0.0, 0.96)	(50, 65)	(2.0, 2.5)	(0.96, 10.0)	(50, 65)
paper	invMass_leadCat10_subleadCat31	invMass_ECAL_ele	(1.0, 1.4442)	(0.0, 0.96)	(50, 65)	(2.0, 2.5)	(0.96, 10.0)	(65, -1)
paper	invMass_leadCat11_subleadCat11	invMass_ECAL_ele	(1.0, 1.4442)	(0.0, 0.96)	(65, -1)	(1.0, 1.4442)	(0.0, 0.96)	(65, -1)
paper	invMass_leadCat11_subleadCat12	invMass_ECAL_ele	(1.0, 1.4442)	(0.0, 0.96)	(65, -1)	(1.0, 1.4442)	(0.96, 10.0)	(32, 39)
paper	invMass_leadCat11_subleadCat13	invMass_ECAL_ele	(1.0, 1.4442)	(0.0, 0.96)	(65, -1)	(1.0, 1.4442)	(0.96, 10.0)	(39, 50)
paper	invMass_leadCat11_subleadCat14	invMass_ECAL_ele	(1.0, 1.4442)	(0.0, 0.96)	(65, -1)	(1.0, 1.4442)	(0.96, 10.0)	(50, 65)
paper	invMass_leadCat11_subleadCat15	invMass_ECAL_ele	(1.0, 1.4442)	(0.0, 0.96)	(65, -1)	(1.0, 1.4442)	(0.96, 10.0)	(65, -1)
paper	invMass_leadCat11_subleadCat16	invMass_ECAL_ele	(1.0, 1.4442)	(0.0, 0.96)	(65, -1)	(1.566, 2.0)	(0.0, 0.96)	(32, 39)
paper	invMass_leadCat11_subleadCat17	invMass_ECAL_ele	(1.0, 1.4442)	(0.0, 0.96)	(65, -1)	(1.566, 2.0)	(0.0, 0.96)	(39, 50)
paper	invMass_leadCat11_subleadCat18	invMass_ECAL_ele	(1.0, 1.4442)	(0.0, 0.96)	(65, -1)	(1.566, 2.0)	(0.0, 0.96)	(50, 65)
paper	invMass_leadCat11_subleadCat19	invMass_ECAL_ele	(1.0, 1.4442)	(0.0, 0.96)	(65, -1)	(1.566, 2.0)	(0.0, 0.96)	(65, -1)
paper	invMass_leadCat11_subleadCat20	invMass_ECAL_ele	(1.0, 1.4442)	(0.0, 0.96)	(65, -1)	(1.566, 2.0)	(0.96, 10.0)	(32, 39)
paper	invMass_leadCat11_subleadCat21	invMass_ECAL_ele	(1.0, 1.4442)	(0.0, 0.96)	(65, -1)	(1.566, 2.0)	(0.96, 10.0)	(39, 50)
paper	invMass_leadCat11_subleadCat22	invMass_ECAL_ele	(1.0, 1.4442)	(0.0, 0.96)	(65, -1)	(1.566, 2.0)	(0.96, 10.0)	(50, 65)
paper	invMass_leadCat11_subleadCat23	invMass_ECAL_ele	(1.0, 1.4442)	(0.0, 0.96)	(65, -1)	(1.566, 2.0)	(0.96, 10.0)	(65, -1)
paper	invMass_leadCat11_subleadCat24	invMass_ECAL_ele	(1.0, 1.4442)	(0.0, 0.96)	(65, -1)	(2.0, 2.5)	(0.0, 0.96)	(32, 39)
paper	invMass_leadCat11_subleadCat25	invMass_ECAL_ele	(1.0, 1.4442)	(0.0, 0.96)	(65, -1)	(2.0, 2.5)	(0.0, 0.96)	(39, 50)
paper	invMass_leadCat11_subleadCat26	invMass_ECAL_ele	(1.0, 1.4442)	(0.0, 0.96)	(65, -1)	(2.0, 2.5)	(0.0, 0.96)	(50, 65)
paper	invMass_leadCat11_subleadCat27	invMass_ECAL_ele	(1.0, 1.4442)	(0.0, 0.96)	(65, -1)	(2.0, 2.5)	(0.0, 0.96)	(65, -1)
paper	invMass_leadCat11_subleadCat28	invMass_ECAL_ele	(1.0, 1.4442)	(0.0, 0.96)	(65, -1)	(2.0, 2.5)	(0.96, 10.0)	(32, 39)
paper	invMass_leadCat11_subleadCat29	invMass_ECAL_ele	(1.0, 1.4442)	(0.0, 0.96)	(65, -1)	(2.0, 2.5)	(0.96, 10.0)	(39, 50)
paper	invMass_leadCat11_subleadCat30	invMass_ECAL_ele	(1.0, 1.4442)	(0.0, 0.96)	(65, -1)	(2.0, 2.5)	(0.96, 10.0)	(50, 65)
paper	invMass_leadCat11_subleadCat31	invMass_ECAL_ele	(1.0, 1.4442)	(0.0, 0.96)	(65, -1)	(2.0, 2.5)	(0.96, 10.0)	(65, -1)
paper	invMass_leadCat12_subleadCat12	invMass_ECAL_ele	(1.0, 1.4442)	(0.96, 10.0)	(32, 39)	(1.0, 1.4442)	(0.96, 10.0)	(32, 39)
paper	invMass_leadCat12_subleadCat13	invMass_ECAL_ele	(1.0, 1.4442)	(0.96, 10.0)	(32, 39)	(1.0, 1.4442)	(0.96, 10.0)	(39, 50)
paper	invMass_leadCat12_subleadCat14	invMass_ECAL_ele	(1.0, 1.4442)	(0.96, 10.0)	(32, 39)	(1.0, 1.4442)	(0.96, 10.0)	(50, 65)
paper	invMass_leadCat12_subleadCat15	invMass_ECAL_ele	(1.0, 1.4442)	(0.96, 10.0)	(32, 39)	(1.0, 1.4442)	(0.96, 10.0)	(65, -1)
paper	invMass_leadCat12_subleadCat16	invMass_ECAL_ele	(1.0, 1.4442)	(0.96, 10.0)	(32, 39)	(1.566, 2.0)	(0.0, 0.96)	(32, 39)
paper	invMass_leadCat12_subleadCat17	invMass_ECAL_ele	(1.0, 1.4442)	(0.96, 10.0)	(32, 39)	(1.566, 2.0)	(0.0, 0.96)	(39, 50)
paper	invMass_leadCat12_subleadCat18	invMass_ECAL_ele	(1.0, 1.4442)	(0.96, 10.0)	(32, 39)	(1.566, 2.0)	(0.0, 0.96)	(50, 65)
paper	invMass_leadCat12_subleadCat19	invMass_ECAL_ele	(1.0, 1.4442)	(0.96, 10.0)	(32, 39)	(1.566, 2.0)	(0.0, 0.96)	(65, -1)
paper	invMass_leadCat12_subleadCat20	invMass_ECAL_ele	(1.0, 1.4442)	(0.96, 10.0)	(32, 39)	(1.566, 2.0)	(0.96, 10.0)	(32, 39)
paper	invMass_leadCat12_subleadCat21	invMass_ECAL_ele	(1.0, 1.4442)	(0.96, 10.0)	(32, 39)	(1.566, 2.0)	(0.96, 10.0)	(39, 50)
paper	invMass_leadCat12_subleadCat22	invMass_ECAL_ele	(1.0, 1.4442)	(0.96, 10.0)	(32, 39)	(1.566, 2.0)	(0.96, 10.0)	(50, 65)
paper	invMass_leadCat12_subleadCat23	invMass_ECAL_ele	(1.0, 1.4442)	(0.96, 10.0)	(32, 39)	(1.566, 2.0)	(0.96, 10.0)	(65, -1)
paper	invMass_leadCat12_subleadCat24	invMass_ECAL_ele	(1.0, 1.4442)	(0.96, 10.0)	(32, 39)	(2.0, 2.5)	(0.0, 0.96)	(32, 39)
paper	invMass_leadCat12_subleadCat25	invMass_ECAL_ele	(1.0, 1.4442)	(0.96, 10.0)	(32, 39)	(2.0, 2.5)	(0.0, 0.96)	(39, 50)
paper	invMass_leadCat12_subleadCat26	invMass_ECAL_ele	(1.0, 1.4442)	(0.96, 10.0)	(32, 39)	(2.0, 2.5)	(0.0, 0.96)	(50, 65)
paper	invMass_leadCat12_subleadCat27	invMass_ECAL_ele	(1.0, 1.4442)	(0.96, 10.0)	(32, 39)	(2.0, 2.5)	(0.0, 0.96)	(65, -1)
paper	invMass_leadCat12_subleadCat28	invMass_ECAL_ele	(1.0, 1.4442)	(0.96, 10.0)	(32, 39)	(2.0, 2.5)	(0.96, 10.0)	(32, 39)
paper	invMass_leadCat12_subleadCat29	invMass_ECAL_ele	(1.0, 1.4442)	(0.96, 10.0)	(32, 39)	(2.0, 2.5)	(0.96, 10.0)	(39, 50)
paper	invMass_leadCat12_subleadCat30	invMass_ECAL_ele	(1.0, 1.4442)	(0.96, 10.0)	(32, 39)	(2.0, 2.5)	(0.96, 10.0)	(50, 65)
paper	invMass_leadCat12_subleadCat31	invMass_ECAL_ele	(1.0, 1.4442)	(0.96, 10.0)	(32, 39)	(2.0, 2.5)	(0.96, 10.0)	(65, -1)
paper	invMass_leadCat13_subleadCat13	invMass_ECAL_ele	(1.0, 1.4442)	(0.96, 10.0)	(39, 50)	(1.0, 1.4442)	(0.96, 10.0)	(39, 50)
paper	invMass_leadCat13_subleadCat14	invMass_ECAL_ele	(1.0, 1.4442)	(0.96, 10.0)	(39, 50)	(1.0, 1.4442)	(0.96, 10.0)	(50, 65)
paper	invMass_leadCat13_subleadCat15	invMass_ECAL_ele	(1.0, 1.4442)	(0.96, 10.0)	(39, 50)	(1.0, 1.4442)	(0.96, 10.0)	(65, -1)
paper	invMass_leadCat13_subleadCat16	invMass_ECAL_ele	(1.0, 1.4442)	(0.96, 10.0)	(39, 50)	(1.566, 2.0)	(0.0, 0.96)	(32, 39)
paper	invMass_leadCat13_subleadCat17	invMass_ECAL_ele	(1.0, 1.4442)	(0.96, 10.0)	(39, 50)	(1.566, 2.0)	(0.0, 0.96)	(39, 50)
paper	invMass_leadCat13_subleadCat18	invMass_ECAL_ele	(1.0, 1.4442)	(0.96, 10.0)	(39, 50)	(1.566, 2.0)	(0.0, 0.96)	(50, 65)
paper	invMass_leadCat13_subleadCat19	invMass_ECAL_ele	(1.0, 1.4442)	(0.96, 10.0)	(39, 50)	(1.566, 2.0)	(0.0, 0.96)	(65, -1)
paper	invMass_leadCat13_subleadCat20	invMass_ECAL_ele	(1.0, 1.4442)	(0.96, 10.0)	(39, 50)	(1.566, 2.0)	(0.96, 10.0)	(32, 39)
paper	invMass_leadCat13_subleadCat21	invMass_ECAL_ele	(1.0, 1.4442)	(0.96, 10.0)	(39, 50)	(1.566, 2.0)	(0.96, 10.0)	(39, 50)
paper	invMass_leadCat13_subleadCat22	invMass_ECAL_ele	(1.0, 1.4442)	(0.96, 10.0)	(39, 50)	(1.566, 2.0)	(0.96, 10.0)	(50, 65)
paper	invMass_leadCat13_subleadCat23	invMass_ECAL_ele	(1.0, 1.4442)	(0.96, 10.0)	(39, 50)	(1.566, 2.0)	(0.96, 10.0)	(65, -1)
paper	invMass_leadCat13_subleadCat24	invMass_ECAL_ele	(1.0, 1.4442)	(0.96, 10.0)	(39, 50)	(2.0, 2.5)	(0.0, 0.96)	(32, 39)
paper	invMass_leadCat13_subleadCat25	invMass_ECAL_ele	(1.0, 1.4442)	(0.96, 10.0)	(39, 50)	(2.0, 2.5)	(0.0, 0.96)	(39, 50)
paper	invMass_leadCat13_subleadCat26	invMass_ECAL_ele	(1.0, 1.4442)	(0.96, 10.0)	(39, 50)	(2.0, 2.5)	(0.0, 0.96)	(50, 65)
paper	invMass_leadCat13_subleadCat27	invMass_ECAL_ele	(1.0, 1.4442)	(0.96, 10.0)	(39, 50)	(2.0, 2.5)	(0.0, 0.96)	(65, -1)
paper	invMass_leadCat13_subleadCat28	invMass_ECAL_ele	(1.0, 1.4442)	(0.96, 10.0)	(39, 50)	(2.0, 2.5)	(0.96, 10.0)	(32, 39)
paper	invMass_leadCat13_subleadCat29	invMass_ECAL_ele	(1.0, 1.4442)	(0.96, 10.0)	(39, 50)	(2.0, 2.5)	(0.96, 10.0)	(39, 50)
paper	invMass_leadCat13_subleadCat30	invMass_ECAL_ele	(1.0, 1.4442)	(0.96, 10.0)	(39, 50)	(2.0, 2.5)	(0.96, 10.0)	(50, 65)
paper	invMass_leadCat13_subleadCat31	invMass_ECAL_ele	(1.0, 1.4442)	(0.96, 10.0)	(39, 50)	(2.0, 2.5)	(0.96, 10.0)	(65, -1)
paper	invMass_leadCat14_subleadCat14	invMass_ECAL_ele	(1.0, 1.4442)	(0.96, 10.0)	(50, 65)	(1.0, 1.4442)	(0.96, 10.0)	(50, 65)
paper	invMass_leadCat14_subleadCat15	invMass_ECAL_ele	(1.0, 1.4442)	(0.96, 10.0)	(50, 65)	(1.0, 1.4442)	(0.96, 10.0)	(65, -1)
paper	invMass_leadCat14_subleadCat16	invMass_ECAL_ele	(1.0, 1.4442)	(0.96, 10.0)	(50, 65)	(1.566, 2.0)	(0.0, 0.96)	(32, 39)
paper	invMass_leadCat14_subleadCat17	invMass_ECAL_ele	(1.0, 1.4442)	(0.96, 10.0)	(50, 65)	(1.566, 2.0)	(0.0, 0.96)	(39, 50)
paper	invMass_leadCat14_subleadCat18	invMass_ECAL_ele	(1.0, 1.4442)	(0.96, 10.0)	(50, 65)	(1.566, 2.0)	(0.0, 0.96)	(50, 65)
paper	invMass_leadCat14_subleadCat19	invMass_ECAL_ele	(1.0, 1.4442)	(0.96, 10.0)	(50, 65)	(1.566, 2.0)	(0.0, 0.96)	(65, -1)
paper	invMass_leadCat14_subleadCat20	invMass_ECAL_ele	(1.0, 1.4442)	(0.96, 10.0)	(50, 65)	(1.566, 2.0)	(0.96, 10.0)	(32, 39)
paper	invMass_leadCat14_subleadCat21	invMass_ECAL_ele	(1.0, 1.4442)	(0.96, 10.0)	(50, 65)	(1.566, 2.0)	(0.96, 10.0)	(39, 50)
paper	invMass_leadCat14_subleadCat22	invMass_ECAL_ele	(1.0, 1.4442)	(0.96, 10.0)	(50, 65)	(1.566, 2.0)	(0.96, 10.0)	(50, 65)
paper	invMass_leadCat14_subleadCat23	invMass_ECAL_ele	(1.0, 1.4442)	(0.96, 10.0)	(50, 65)	(1.566, 2.0)	(0.96, 10.0)	(65, -1)
paper	invMass_leadCat14_subleadCat24	invMass_ECAL_ele	(1.0, 1.4442)	(0.96, 10.0)	(50, 65)	(2.0, 2.5)	(0.0, 0.96)	(32, 39)
paper	invMass_leadCat14_subleadCat25	invMass_ECAL_ele	(1.0, 1.4442)	(0.96, 10.0)	(50, 65)	(2.0, 2.5)	(0.0, 0.96)	(39, 50)
paper	invMass_leadCat14_subleadCat26	invMass_ECAL_ele	(1.0, 1.4442)	(0.96, 10.0)	(50, 65)	(2.0, 2.5)	(0.0, 0.96)	(50, 65)
paper	invMass_leadCat14_subleadCat27	invMass_ECAL_ele	(1.0, 1.4442)	(0.96, 10.0)	(50, 65)	(2.0, 2.5)	(0.0, 0.96)	(65, -1)
paper	invMass_leadCat14_subleadCat28	invMass_ECAL_ele	(1.0, 1.4442)	(0.96, 10.0)	(50, 65)	(2.0, 2.5)	(0.96, 10.0)	(32, 39)
paper	invMass_leadCat14_subleadCat29	invMass_ECAL_ele	(1.0, 1.4442)	(0.96, 10.0)	(50, 65)	(2.0, 2.5)	(0.96, 10.0)	(39, 50)
paper	invMass_leadCat14_subleadCat30	invMass_ECAL_ele	(1.0, 1.4442)	(0.96, 10.0)	(50, 65)	(2.0, 2.5)	(0.96, 10.0)	(50, 65)
paper	invMass_leadCat14_subleadCat31	invMass_ECAL_ele	(1.0, 1.4442)	(0.96, 10.0)	(50, 65)	(2.0, 2.5)	(0.96, 10.0)	(65, -1)
paper	invMass_leadCat15_subleadCat15	invMass_ECAL_ele	(1.0, 1.4442)	(0.96, 10.0)	(65, -1)	(1.0, 1.4442)	(0.96, 10.0)	(65, -1)
paper	invMass_leadCat15_subleadCat16	invMass_ECAL_ele	(1.0, 1.4442)	(0.96, 10.0)	(65, -1)	(1.566, 2.0)	(0.0, 0.96)	(32, 39)
paper	invMass_leadCat15_subleadCat17	invMass_ECAL_ele	(1.0, 1.4442)	(0.96, 10.0)	(65, -1)	(1.566, 2.0)	(0.0, 0.96)	(39, 50)
paper	invMass_leadCat15_subleadCat18	invMass_ECAL_ele	(1.0, 1.4442)	(0.96, 10.0)	(65, -1)	(1.566, 2.0)	(0.0, 0.96)	(50, 65)
paper	invMass_leadCat15_subleadCat19	invMass_ECAL_ele	(1.0, 1.4442)	(0.96, 10.0)	(65, -1)	(1.566, 2.0)	(0.0, 0.96)	(65, -1)
paper	invMass_leadCat15_subleadCat20	invMass_ECAL_ele	(1.0, 1.4442)	(0.96, 10.0)	(65, -1)	(1.566, 2.0)	(0.96, 10.0)	(32, 39)
paper	invMass_leadCat15_subleadCat21	invMass_ECAL_ele	(1.0, 1.4442)	(0.96, 10.0)	(65, -1)	(1.566, 2.0)	(0.96, 10.0)	(39, 50)
paper	invMass_leadCat15_subleadCat22	invMass_ECAL_ele	(1.0, 1.4442)	(0.96, 10.0)	(65, -1)	(1.566, 2.0)	(0.96, 10.0)	(50, 65)
paper	invMass_leadCat15_subleadCat23	invMass_ECAL_ele	(1.0, 1.4442)	(0.96, 10.0)	(65, -1)	(1.566, 2.0)	(0.96, 10.0)	(65, -1)
paper	invMass_leadCat15_subleadCat24	invMass_ECAL_ele	(1.0, 1.4442)	(0.96, 10.0)	(65, -1)	(2.0, 2.5)	(0.0, 0.96)	(32, 39)
paper	invMass_leadCat15_subleadCat25	invMass_ECAL_ele	(1.0, 1.4442)	(0.96, 10.0)	(65, -1)	(2.0, 2.5)	(0.0, 0.96)	(39, 50)
paper	invMass_leadCat15_subleadCat26	invMass_ECAL_ele	(1.0, 1.4442)	(0.96, 10.0)	(65, -1)	(2.0, 2.5)	(0.0, 0.96)	(50, 65)
paper	invMass_leadCat15_subleadCat27	invMass_ECAL_ele	(1.0, 1.4442)	(0.96, 10.0)	(65, -1)	(2.0, 2.5)	(0.0, 0.96)	(65, -1)
paper	invMass_leadCat15_subleadCat28	invMass_ECAL_ele	(1.0, 1.4442)	(0.96, 10.0)	(65, -1)	(2.0, 2.5)	(0.96, 10.0)	(32, 39)
paper	invMass_leadCat15_subleadCat29	invMass_ECAL_ele	(1.0, 1.4442)	(0.96, 10.0)	(65, -1)	(2.0, 2.5)	(0.96, 10.0)	(39, 50)
paper	invMass_leadCat15_subleadCat30	invMass_ECAL_ele	(1.0, 1.4442)	(0.96, 10.0)	(65, -1)	(2.0, 2.5)	(0.96, 10.0)	(50, 65)
paper	invMass_leadCat15_subleadCat31	invMass_ECAL_ele	(1.0, 1.4442)	(0.96, 10.0)	(65, -1)	(2.0, 2.5)	(0.96, 10.0)	(65, -1)
paper	invMass_leadCat16_subleadCat16	invMass_ECAL_ele	(1.566, 2.0)	(0.0, 0.96)	(32, 39)	(1.566, 2.0)	(0.0, 0.96)	(32, 39)
paper	invMass_leadCat16_subleadCat17	invMass_ECAL_ele	(1.566, 2.0)	(0.0, 0.96)	(32, 39)	(1.566, 2.0)	(0.0, 0.96)	(39, 50)
paper	invMass_leadCat16_subleadCat18	invMass_ECAL_ele	(1.566, 2.0)	(0.0, 0.96)	(32, 39)	(1.566, 2.0)	(0.0, 0.96)	(50, 65)
paper	invMass_leadCat16_subleadCat19	invMass_ECAL_ele	(1.566, 2.0)	(0.0, 0.96)	(32, 39)	(1.566, 2.0)	(0.0, 0.96)	(65, -1)
paper	invMass_leadCat16_subleadCat20	invMass_ECAL_ele	(1.566, 2.0)	(0.0, 0.96)	(32, 39)	(1.566, 2.0)	(0.96, 10.0)	(32, 39)
paper	invMass_leadCat16_subleadCat21	invMass_ECAL_ele	(1.566, 2.0)	(0.0, 0.96)	(32, 39)	(1.566, 2.0)	(0.96, 10.0)	(39, 50)
paper	invMass_leadCat16_subleadCat22	invMass_ECAL_ele	(1.566, 2.0)	(0.0, 0.96)	(32, 39)	(1.566, 2.0)	(0.96, 10.0)	(50, 65)
paper	invMass_leadCat16_subleadCat23	invMass_ECAL_ele	(1.566, 2.0)	(0.0, 0.96)	(32, 39)	(1.566, 2.0)	(0.96, 10.0)	(65, -1)
paper	invMass_leadCat16_subleadCat24	invMass_ECAL_ele	(1.566, 2.0)	(0.0, 0.96)	(32, 39)	(2.0, 2.5)	(0.0, 0.96)	(32, 39)
paper	invMass_leadCat16_subleadCat25	invMass_ECAL_ele	(1.566, 2.0)	(0.0, 0.96)	(32, 39)	(2.0, 2.5)	(0.0, 0.96)	(39, 50)
paper	invMass_leadCat16_subleadCat26	invMass_ECAL_ele	(1.566, 2.0)	(0.0, 0.96)	(32, 39)	(2.0, 2.5)	(0.0, 0.96)	(50, 65)
paper	invMass_leadCat16_subleadCat27	invMass_ECAL_ele	(1.566, 2.0)	(0.0, 0.96)	(32, 39)	(2.0, 2.5)	(0.0, 0.96)	(65, -1)
paper	invMass_leadCat16_subleadCat28	invMass_ECAL_ele	(1.566, 2.0)	(0.0, 0.96)	(32, 39)	(2.0, 2.5)	(0.96, 10.0)	(32, 39)
paper	invMass_leadCat16_subleadCat29	invMass_ECAL_ele	(1.566, 2.0)	(0.0, 0.96)	(32, 39)	(2.0, 2.5)	(0.96, 10.0)	(39, 50)
paper	invMass_leadCat16_subleadCat30	invMass_ECAL_ele	(1.566, 2.0)	(0.0, 0.96)	(32, 39)	(2.0, 2.5)	(0.96, 10.0)	(50, 65)
paper	invMass_leadCat16_subleadCat31	invMass_ECAL_ele	(1.566, 2.0)	(0.0, 0.96)	(32, 39)	(2.0, 2.5)	(0.96, 10.0)	(65, -1)
paper	invMass_leadCat17_subleadCat17	invMass_ECAL_ele	(1.566, 2.0)	(0.0, 0.96)	(39, 50)	(1.566, 2.0)	(0.0, 0.96)	(39, 50)
paper	invMass_leadCat17_subleadCat18	invMass_ECAL_ele	(1.566, 2.0)	(0.0, 0.96)	(39, 50)	(1.566, 2.0)	(0.0, 0.96)	(50, 65)
paper	invMass_leadCat17_subleadCat19	invMass_ECAL_ele	(1.566, 2.0)	(0.0, 0.96)	(39, 50)	(1.566, 2.0)	(0.0, 0.96)	(65, -1)
paper	invMass_leadCat17_subleadCat20	invMass_ECAL_ele	(1.566, 2.0)	(0.0, 0.96)	(39, 50)	(1.566, 2.0)	(0.96, 10.0)	(32, 39)
paper	invMass_leadCat17_subleadCat21	invMass_ECAL_ele	(1.566, 2.0)	(0.0, 0.96)	(39, 50)	(1.566, 2.0)	(0.96, 10.0)	(39, 50)
paper	invMass_leadCat17_subleadCat22	invMass_ECAL_ele	(1.566, 2.0)	(0.0, 0.96)	(39, 50)	(1.566, 2.0)	(0.96, 10.0)	(50, 65)
paper	invMass_leadCat17_subleadCat23	invMass_ECAL_ele	(1.566, 2.0)	(0.0, 0.96)	(39, 50)	(1.566, 2.0)	(0.96, 10.0)	(65, -1)
paper	invMass_leadCat17_subleadCat24	invMass_ECAL_ele	(1.566, 2.0)	(0.0, 0.96)	(39, 50)	(2.0, 2.5)	(0.0, 0.96)	(32, 39)
paper	invMass_leadCat17_subleadCat25	invMass_ECAL_ele	(1.566, 2.0)	(0.0, 0.96)	(39, 50)	(2.0, 2.5)	(0.0, 0.96)	(39, 50)
paper	invMass_leadCat17_subleadCat26	invMass_ECAL_ele	(1.566, 2.0)	(0.0, 0.96)	(39, 50)	(2.0, 2.5)	(0.0, 0.96)	(50, 65)
paper	invMass_leadCat17_subleadCat27	invMass_ECAL_ele	(1.566, 2.0)	(0.0, 0.96)	(39, 50)	(2.0, 2.5)	(0.0, 0.96)	(65, -1)
paper	invMass_leadCat17_subleadCat28	invMass_ECAL_ele	(1.566, 2.0)	(0.0, 0.96)	(39, 50)	(2.0, 2.5)	(0.96, 10.0)	(32, 39)
paper	invMass_leadCat17_subleadCat29	invMass_ECAL_ele	(1.566, 2.0)	(0.0, 0.96)	(39, 50)	(2.0, 2.5)	(0.96, 10.0)	(39, 50)
paper	invMass_leadCat17_subleadCat30	invMass_ECAL_ele	(1.566, 2.0)	(0.0, 0.96)	(39, 50)	(2.0, 2.5)	(0.96, 10.0)	(50, 65)
paper	invMass_leadCat17_subleadCat31	invMass_ECAL_ele	(1.566, 2.0)	(0.0, 0.96)	(39, 50)	(2.0, 2.5)	(0.96, 10.0)	(65, -1)
paper	invMass_leadCat18_subleadCat18	invMass_ECAL_ele	(1.566, 2.0)	(0.0, 0.96)	(50, 65)	(1.566, 2.0)	(0.0, 0.96)	(50, 65)
paper	invMass_leadCat18_subleadCat19	invMass_ECAL_ele	(1.566, 2.0)	(0.0, 0.96)	(50, 65)	(1.566, 2.0)	(0.0, 0.96)	(65, -1)
paper	invMass_leadCat18_subleadCat20	invMass_ECAL_ele	(1.566, 2.0)	(0.0, 0.96)	(50, 65)	(1.566, 2.0)	(0.96, 10.0)	(32, 39)
paper	invMass_leadCat18_subleadCat21	invMass_ECAL_ele	(1.566, 2.0)	(0.0, 0.96)	(50, 65)	(1.566, 2.0)	(0.96, 10.0)	(39, 50)
paper	invMass_leadCat18_subleadCat22	invMass_ECAL_ele	(1.566, 2.0)	(0.0, 0.96)	(50, 65)	(1.566, 2.0)	(0.96, 10.0)	(50, 65)
paper	invMass_leadCat18_subleadCat23	invMass_ECAL_ele	(1.566, 2.0)	(0.0, 0.96)	(50, 65)	(1.566, 2.0)	(0.96, 10.0)	(65, -1)
paper	invMass_leadCat18_subleadCat24	invMass_ECAL_ele	(1.566, 2.0)	(0.0, 0.96)	(50, 65)	(2.0, 2.5)	(0.0, 0.96)	(32, 39)
paper	invMass_leadCat18_subleadCat25	invMass_ECAL_ele	(1.566, 2.0)	(0.0, 0.96)	(50, 65)	(2.0, 2.5)	(0.0, 0.96)	(39, 50)
paper	invMass_leadCat18_subleadCat26	invMass_ECAL_ele	(1.566, 2.0)	(0.0, 0.96)	(50, 65)	(2.0, 2.5)	(0.0, 0.96)	(50, 65)
paper	invMass_leadCat18_subleadCat27	invMass_ECAL_ele	(1.566, 2.0)	(0.0, 0.96)	(50, 65)	(2.0, 2.5)	(0.0, 0.96)	(65, -1)
paper	invMass_leadCat18_subleadCat28	invMass_ECAL_ele	(1.566, 2.0)	(0.0, 0.96)	(50, 65)	(2.0, 2.5)	(0.96, 10.0)	(32, 39)
paper	invMass_leadCat18_subleadCat29	invMass_ECAL_ele	(1.566, 2.0)	(0.0, 0.96)	(50, 65)	(2.0, 2.5)	(0.96, 10.0)	(39, 50)
paper	invMass_leadCat18_subleadCat30	invMass_ECAL_ele	(1.566, 2.0)	(0.0, 0.96)	(50, 65)	(2.0, 2.5)	(0.96, 10.0)	(50, 65)
paper	invMass_leadCat18_subleadCat31	invMass_ECAL_ele	(1.566, 2.0)	(0.0, 0.96)	(50, 65)	(2.0, 2.5)	(0.96, 10.0)	(65, -1)
paper	invMass_leadCat19_subleadCat19	invMass_ECAL_ele	(1.566, 2.0)	(0.0, 0.96)	(65, -1)	(1.566, 2.0)	(0.0, 0.96)	(65, -1)
paper	invMass_leadCat19_subleadCat20	invMass_ECAL_ele	(1.566, 2.0)	(0.0, 0.96)	(65, -1)	(1.566, 2.0)	(0.96, 10.0)	(32, 39)
paper	invMass_leadCat19_subleadCat21	invMass_ECAL_ele	(1.566, 2.0)	(0.0, 0.96)	(65, -1)	(1.566, 2.0)	(0.96, 10.0)	(39, 50)
paper	invMass_leadCat19_subleadCat22	invMass_ECAL_ele	(1.566, 2.0)	(0.0, 0.96)	(65, -1)	(1.566, 2.0)	(0.96, 10.0)	(50, 65)
paper	invMass_leadCat19_subleadCat23	invMass_ECAL_ele	(1.566, 2.0)	(0.0, 0.96)	(65, -1)	(1.566, 2.0)	(0.96, 10.0)	(65, -1)
paper	invMass_leadCat19_subleadCat24	invMass_ECAL_ele	(1.566, 2.0)	(0.0, 0.96)	(65, -1)	(2.0, 2.5)	(0.0, 0.96)	(32, 39)
paper	invMass_leadCat19_subleadCat25	invMass_ECAL_ele	(1.566, 2.0)	(0.0, 0.96)	(65, -1)	(2.0, 2.5)	(0.0, 0.96)	(39, 50)
paper	invMass_leadCat19_subleadCat26	invMass_ECAL_ele	(1.566, 2.0)	(0.0, 0.96)	(65, -1)	(2.0, 2.5)	(0.0, 0.96)	(50, 65)
paper	invMass_leadCat19_subleadCat27	invMass_ECAL_ele	(1.566, 2.0)	(0.0, 0.96)	(65, -1)	(2.0, 2.5)	(0.0, 0.96)	(65, -1)
paper	invMass_leadCat19_subleadCat28	invMass_ECAL_ele	(1.566, 2.0)	(0.0, 0.96)	(65, -1)	(2.0, 2.5)	(0.96, 10.0)	(32, 39)
paper	invMass_leadCat19_subleadCat29	invMass_ECAL_ele	(1.566, 2.0)	(0.0, 0.96)	(65, -1)	(2.0, 2.5)	(0.96, 10.0)	(39, 50)
paper	invMass_leadCat19_subleadCat30	invMass_ECAL_ele	(1.566, 2.0)	(0.0, 0.96)	(65, -1)	(2.0, 2.5)	(0.96, 10.0)	(50, 65)
paper	invMass_leadCat19_subleadCat31	invMass_ECAL_ele	(1.566, 2.0)	(0.0, 0.96)	(65, -1)	(2.0, 2.5)	(0.96, 10.0)	(65, -1)
paper	invMass_leadCat20_subleadCat20	invMass_ECAL_ele	(1.566, 2.0)	(0.96, 10.0)	(32, 39)	(1.566, 2.0)	(0.96, 10.0)	(32, 39)
paper	invMass_leadCat20_subleadCat21	invMass_ECAL_ele	(1.566, 2.0)	(0.96, 10.0)	(32, 39)	(1.566, 2.0)	(0.96, 10.0)	(39, 50)
paper	invMass_leadCat20_subleadCat22	invMass_ECAL_ele	(1.566, 2.0)	(0.96, 10.0)	(32, 39)	(1.566, 2.0)	(0.96, 10.0)	(50, 65)
paper	invMass_leadCat20_subleadCat23	invMass_ECAL_ele	(1.566, 2.0)	(0.96, 10.0)	(32, 39)	(1.566, 2.0)	(0.96, 10.0)	(65, -1)
paper	invMass_leadCat20_subleadCat24	invMass_ECAL_ele	(1.566, 2.0)	(0.96, 10.0)	(32, 39)	(2.0, 2.5)	(0.0, 0.96)	(32, 39)
paper	invMass_leadCat20_subleadCat25	invMass_ECAL_ele	(1.566, 2.0)	(0.96, 10.0)	(32, 39)	(2.0, 2.5)	(0.0, 0.96)	(39, 50)
paper	invMass_leadCat20_subleadCat26	invMass_ECAL_ele	(1.566, 2.0)	(0.96, 10.0)	(32, 39)	(2.0, 2.5)	(0.0, 0.96)	(50, 65)
paper	invMass_leadCat20_subleadCat27	invMass_ECAL_ele	(1.566, 2.0)	(0.96, 10.0)	(32, 39)	(2.0, 2.5)	(0.0, 0.96)	(65, -1)
paper	invMass_leadCat20_subleadCat28	invMass_ECAL_ele	(1.566, 2.0)	(0.96, 10.0)	(32, 39)	(2.0, 2.5)	(0.96, 10.0)	(32, 39)
paper	invMass_leadCat20_subleadCat29	invMass_ECAL_ele	(1.566, 2.0)	(0.96, 10.0)	(32, 39)	(2.0, 2.5)	(0.96, 10.0)	(39, 50)
paper	invMass_leadCat20_subleadCat30	invMass_ECAL_ele	(1.566, 2.0)	(0.96, 10.0)	(32, 39)	(2.0, 2.5)	(0.96, 10.0)	(50, 65)
paper	invMass_leadCat20_subleadCat31	invMass_ECAL_ele	(1.566, 2.0)	(0.96, 10.0)	(32, 39)	(2.0, 2.5)	(0.96, 10.0)	(65, -1)
paper	invMass_leadCat21_subleadCat21	invMass_ECAL_ele	(1.566, 2.0)	(0.96, 10.0)	(39, 50)	(1.566, 2.0)	(0.96, 10.0)	(39, 50)
paper	invMass_leadCat21_subleadCat22	invMass_ECAL_ele	(1.566, 2.0)	(0.96, 10.0)	(39, 50)	(1.566, 2.0)	(0.96, 10.0)	(50, 65)
paper	invMass_leadCat21_subleadCat23	invMass_ECAL_ele	(1.566, 2.0)	(0.96, 10.0)	(39, 50)	(1.566, 2.0)	(0.96, 10.0)	(65, -1)
paper	invMass_leadCat21_subleadCat24	invMass_ECAL_ele	(1.566, 2.0)	(0.96, 10.0)	(39, 50)	(2.0, 2.5)	(0.0, 0.96)	(32, 39)
paper	invMass_leadCat21_subleadCat25	invMass_ECAL_ele	(1.566, 2.0)	(0.96, 10.0)	(39, 50)	(2.0, 2.5)	(0.0, 0.96)	(39, 50)
paper	invMass_leadCat21_subleadCat26	invMass_ECAL_ele	(1.566, 2.0)	(0.96, 10.0)	(39, 50)	(2.0, 2.5)	(0.0, 0.96)	(50, 65)
paper	invMass_leadCat21_subleadCat27	invMass_ECAL_ele	(1.566, 2.0)	(0.96, 10.0)	(39, 50)	(2.0, 2.5)	(0.0, 0.96)	(65, -1)
paper	invMass_leadCat21_subleadCat28	invMass_ECAL_ele	(1.566, 2.0)	(0.96, 10.0)	(39, 50)	(2.0, 2.5)	(0.96, 10.0)	(32, 39)
paper	invMass_leadCat21_subleadCat29	invMass_ECAL_ele	(1.566, 2.0)	(0.96, 10.0)	(39, 50)	(2.0, 2.5)	(0.96, 10.0)	(39, 50)
paper	invMass_leadCat21_subleadCat30	invMass_ECAL_ele	(1.566, 2.0)	(0.96, 10.0)	(39, 50)	(2.0, 2.5)	(0.96, 10.0)	(50, 65)
paper	invMass_leadCat21_subleadCat31	invMass_ECAL_ele	(1.566, 2.0)	(0.96, 10.0)	(39, 50)	(2.0, 2.5)	(0.96, 10.0)	(65, -1)
paper	invMass_leadCat22_subleadCat22	invMass_ECAL_ele	(1.566, 2.0)	(0.96, 10.0)	(50, 65)	(1.566, 2.0)	(0.96, 10.0)	(50, 65)
paper	invMass_leadCat22_subleadCat23	invMass_ECAL_ele	(1.566, 2.0)	(0.96, 10.0)	(50, 65)	(1.566, 2.0)	(0.96, 10.0)	(65, -1)
paper	invMass_leadCat22_subleadCat24	invMass_ECAL_ele	(1.566, 2.0)	(0.96, 10.0)	(50, 65)	(2.0, 2.5)	(0.0, 0.96)	(32, 39)
paper	invMass_leadCat22_subleadCat25	invMass_ECAL_ele	(1.566, 2.0)	(0.96, 10.0)	(50, 65)	(2.0, 2.5)	(0.0, 0.96)	(39, 50)
paper	invMass_leadCat22_subleadCat26	invMass_ECAL_ele	(1.566, 2.0)	(0.96, 10.0)	(50, 65)	(2.0, 2.5)	(0.0, 0.96)	(50, 65)
paper	invMass_leadCat22_subleadCat27	invMass_ECAL_ele	(1.566, 2.0)	(0.96, 10.0)	(50, 65)	(2.0, 2.5)	(0.0, 0.96)	(65, -1)
paper	invMass_leadCat22_subleadCat28	invMass_ECAL_ele	(1.566, 2.0)	(0.96, 10.0)	(50, 65)	(2.0, 2.5)	(0.96, 10.0)	(32, 39)
paper	invMass_leadCat22_subleadCat29	invMass_ECAL_ele	(1.566, 2.0)	(0.96, 10.0)	(50, 65)	(2.0, 2.5)	(0.96, 10.0)	(39, 50)
paper	invMass_leadCat22_subleadCat30	invMass_ECAL_ele	(1.566, 2.0)	(0.96, 10.0)	(50, 65)	(2.0, 2.5)	(0.96, 10.0)	(50, 65)
paper	invMass_leadCat22_subleadCat31	invMass_ECAL_ele	(1.566, 2.0)	(0.96, 10.0)	(50, 65)	(2.0, 2.5)	(0.96, 10.0)	(65, -1)
paper	invMass_leadCat23_subleadCat23	invMass_ECAL_ele	(1.566, 2.0)	(0.96, 10.0)	(65, -1)	(1.566, 2.0)	(0.96, 10.0)	(65, -1)
paper	invMass_leadCat23_subleadCat24	invMass_ECAL_ele	(1.566, 2.0)	(0.96, 10.0)	(65, -1)	(2.0, 2.5)	(0.0, 0.96)	(32, 39)
paper	invMass_leadCat23_subleadCat25	invMass_ECAL_ele	(1.566, 2.0)	(0.96, 10.0)	(65, -1)	(2.0, 2.5)	(0.0, 0.96)	(39, 50)
paper	invMass_leadCat23_subleadCat26	invMass_ECAL_ele	(1.566, 2.0)	(0.96, 10.0)	(65, -1)	(2.0, 2.5)	(0.0, 0.96)	(50, 65)
paper	invMass_leadCat23_subleadCat27	invMass_ECAL_ele	(1.566, 2.0)	(0.96, 10.0)	(65, -1)	(2.0, 2.5)	(0.0, 0.96)	(65, -1)
paper	invMass_leadCat23_subleadCat28	invMass_ECAL_ele	(1.566, 2.0)	(0.96, 10.0)	(65, -1)	(2.0, 2.5)	(0.96, 10.0)	(32, 39)
paper	invMass_leadCat23_subleadCat29	invMass_ECAL_ele	(1.566, 2.0)	(0.96, 10.0)	(65, -1)	(2.0, 2.5)	(0.96, 10.0)	(39, 50)
paper	invMass_leadCat23_subleadCat30	invMass_ECAL_ele	(1.566, 2.0)	(0.96, 10.0)	(65, -1)	(2.0, 2.5)	(0.96, 10.0)	(50, 65)
paper	invMass_leadCat23_subleadCat31	invMass_ECAL_ele	(1.566, 2.0)	(0.96, 10.0)	(65, -1)	(2.0, 2.5)	(0.96, 10.0)	(65, -1)
paper	invMass_leadCat24_subleadCat24	invMass_ECAL_ele	(2.0, 2.5)	(0.0, 0.96)	(32, 39)	(2.0, 2.5)	(0.0, 0.96)	(32, 39)
paper	invMass_leadCat24_subleadCat25	invMass_ECAL_ele	(2.0, 2.5)	(0.0, 0.96)	(32, 39)	(2.0, 2.5)	(0.0, 0.96)	(39, 50)
paper	invMass_leadCat24_subleadCat26	invMass_ECAL_ele	(2.0, 2.5)	(0.0, 0.96)	(32, 39)	(2.0, 2.5)	(0.0, 0.96)	(50, 65)
paper	invMass_leadCat24_subleadCat27	invMass_ECAL_ele	(2.0, 2.5)	(0.0, 0.96)	(32, 39)	(2.0, 2.5)	(0.0, 0.96)	(65, -1)
paper	invMass_leadCat24_subleadCat28	invMass_ECAL_ele	(2.0, 2.5)	(0.0, 0.96)	(32, 39)	(2.0, 2.5)	(0.96, 10.0)	(32, 39)
paper	invMass_leadCat24_subleadCat29	invMass_ECAL_ele	(2.0, 2.5)	(0.0, 0.96)	(32, 39)	(2.0, 2.5)	(0.96, 10.0)	(39, 50)
paper	invMass_leadCat24_subleadCat30	invMass_ECAL_ele	(2.0, 2.5)	(0.0, 0.96)	(32, 39)	(2.0, 2.5)	(0.96, 10.0)	(50, 65)
paper	invMass_leadCat24_subleadCat31	invMass_ECAL_ele	(2.0, 2.5)	(0.0, 0.96)	(32, 39)	(2.0, 2.5)	(0.96, 10.0)	(65, -1)
paper	invMass_leadCat25_subleadCat25	invMass_ECAL_ele	(2.0, 2.5)	(0.0, 0.96)	(39, 50)	(2.0, 2.5)	(0.0, 0.96)	(39, 50)
paper	invMass_leadCat25_subleadCat26	invMass_ECAL_ele	(2.0, 2.5)	(0.0, 0.96)	(39, 50)	(2.0, 2.5)	(0.0, 0.96)	(50, 65)
paper	invMass_leadCat25_subleadCat27	invMass_ECAL_ele	(2.0, 2.5)	(0.0, 0.96)	(39, 50)	(2.0, 2.5)	(0.0, 0.96)	(65, -1)
paper	invMass_leadCat25_subleadCat28	invMass_ECAL_ele	(2.0, 2.5)	(0.0, 0.96)	(39, 50)	(2.0, 2.5)	(0.96, 10.0)	(32, 39)
paper	invMass_leadCat25_subleadCat29	invMass_ECAL_ele	(2.0, 2.5)	(0.0, 0.96)	(39, 50)	(2.0, 2.5)	(0.96, 10.0)	(39, 50)
paper	invMass_leadCat25_subleadCat30	invMass_ECAL_ele	(2.0, 2.5)	(0.0, 0.96)	(39, 50)	(2.0, 2.5)	(0.96, 10.0)	(50, 65)
paper	invMass_leadCat25_subleadCat31	invMass_ECAL_ele	(2.0, 2.5)	(0.0, 0.96)	(39, 50)	(2.0, 2.5)	(0.96, 10.0)	(65, -1)
paper	invMass_leadCat26_subleadCat26	invMass_ECAL_ele	(2.0, 2.5)	(0.0, 0.96)	(50, 65)	(2.0, 2.5)	(0.0, 0.96)	(50, 65)
paper	invMass_leadCat26_subleadCat27	invMass_ECAL_ele	(2.0, 2.5)	(0.0, 0.96)	(50, 65)	(2.0, 2.5)	(0.0, 0.96)	(65, -1)
paper	invMass_leadCat26_subleadCat28	invMass_ECAL_ele	(2.0, 2.5)	(0.0, 0.96)	(50, 65)	(2.0, 2.5)	(0.96, 10.0)	(32, 39)
paper	invMass_leadCat26_subleadCat29	invMass_ECAL_ele	(2.0, 2.5)	(0.0, 0.96)	(50, 65)	(2.0, 2.5)	(0.96, 10.0)	(39, 50)
paper	invMass_leadCat26_subleadCat30	invMass_ECAL_ele	(2.0, 2.5)	(0.0, 0.96)	(50, 65)	(2.0, 2.5)	(0.96, 10.0)	(50, 65)
paper	invMass_leadCat26_subleadCat31	invMass_ECAL_ele	(2.0, 2.5)	(0.0, 0.96)	(50, 65)	(2.0, 2.5)	(0.96, 10.0)	(65, -1)
paper	invMass_leadCat27_subleadCat27	invMass_ECAL_ele	(2.0, 2.5)	(0.0, 0.96)	(65, -1)	(2.0, 2.5)	(0.0, 0.96)	(65, -1)
paper	invMass_leadCat27_subleadCat28	invMass_ECAL_ele	(2.0, 2.5)	(0.0, 0.96)	(65, -1)	(2.0, 2.5)	(0.96, 10.0)	(32, 39)
paper	invMass_leadCat27_subleadCat29	invMass_ECAL_ele	(2.0, 2.5)	(0.0, 0.96)	(65, -1)	(2.0, 2.5)	(0.96, 10.0)	(39, 50)
paper	invMass_leadCat27_subleadCat30	invMass_ECAL_ele	(2.0, 2.5)	(0.0, 0.96)	(65, -1)	(2.0, 2.5)	(0.96, 10.0)	(50, 65)
paper	invMass_leadCat27_subleadCat31	invMass_ECAL_ele	(2.0, 2.5)	(0.0, 0.96)	(65, -1)	(2.0, 2.5)	(0.96, 10.0)	(65, -1)
paper	invMass_leadCat28_subleadCat28	invMass_ECAL_ele	(2.0, 2.5)	(0.96, 10.0)	(32, 39)	(2.0, 2.5)	(0.96, 10.0)	(32, 39)
paper	invMass_leadCat28_subleadCat29	invMass_ECAL_ele	(2.0, 2.5)	(0.96, 10.0)	(32, 39)	(2.0, 2.5)	(0.96, 10.0)	(39, 50)
paper	invMass_leadCat28_subleadCat30	invMass_ECAL_ele	(2.0, 2.5)	(0.96, 10.0)	(32, 39)	(2.0, 2.5)	(0.96, 10.0)	(50, 65)
paper	invMass_leadCat28_subleadCat31	invMass_ECAL_ele	(2.0, 2.5)	(0.96, 10.0)	(32, 39)	(2.0, 2.5)	(0.96, 10.0)	(65, -1)
paper	invMass_leadCat29_subleadCat29	invMass_ECAL_ele	(2.0, 2.5)	(0.96, 10.0)	(39, 50)	(2.0, 2.5)	(0.96, 10.0)	(39, 50)
paper	invMass_leadCat29_subleadCat30	invMass_ECAL_ele	(2.0, 2.5)	(0.96, 10.0)	(39, 50)	(2.0, 2.5)	(0.96, 10.0)	(50, 65)
paper	invMass_leadCat29_subleadCat31	invMass_ECAL_ele	(2.0, 2.5)	(0.96, 10.0)	(39, 50)	(2.0, 2.5)	(0.96, 10.0)	(65, -1)
paper	invMass_leadCat30_subleadCat30	invMass_ECAL_ele	(2.0, 2.5)	(0.96, 10.0)	(50, 65)	(2.0, 2.5)	(0.96, 10.0)	(50, 65)
paper	invMass_leadCat30_subleadCat31	invMass_ECAL_ele	(2.0, 2.5)	(0.96, 10.0)	(50, 65)	(2.0, 2.5)	(0.96, 10.0)	(65, -1)
paper	invMass_leadCat31_subleadCat31	invMass_ECAL_ele	(2.0, 2.5)	(0.96, 10.0)	(65, -1)	(2.0, 2.5)	(0.96, 10.0)	(65, -1)
